timestamp,open,high,low,close,volume
1767477600000,90527.91,90677.7,90442.91,90548,6.28645253
1767481200000,90548,90656.87,90420.58,90592.94,4.7995851
1767484800000,90592.94,91560.61,90592.94,91311.73,22.36941346
1767488400000,91311.73,91436.57,90978,91200.18,8.60333104
1767492000000,91200.18,91250.75,91047,91091,5.7732603
1767495600000,91091,91328.36,91068.05,91215.53,3.47637123
1767499200000,91215.53,91537,91145.68,91350,4.3937156
1767502800000,91350,91444.04,91318.56,91439.46,4.78658625
1767506400000,91439.46,91749.14,91226.16,91227.05,6.37744284
1767510000000,91227.05,91480.99,91185.75,91478.5,2.80127288
1767513600000,91478.5,91486.85,91156.14,91339.01,7.77995284
1767517200000,91339.01,91441.42,91222.73,91426.38,1.74753724
1767520800000,91426.38,91577.25,91390.37,91562.86,1.94150888
1767524400000,91562.86,91562.86,91219.16,91220.83,6.7503936
1767528000000,91220.83,91301.17,91064.29,91103.15,3.76225427
1767531600000,91103.15,91244.31,91004.22,91244.31,0.87785406
1767535200000,91244.31,91384.01,91122.17,91287.74,1.35618479
1767538800000,91287.74,91332.38,91067.72,91298.86,2.78361517
1767542400000,91298.86,91418.53,91205.75,91277.68,7.68641629
1767546000000,91277.68,91403.43,91262.81,91306.39,4.02908682
1767549600000,91306.39,91306.39,90925.6,91167.6,6.58496616
1767553200000,91167.6,91184.05,90832.35,91109.45,16.69550577
1767556800000,91109.45,91312,91090.62,91255.23,8.26847666
1767560400000,91255.23,91393.99,91146.29,91226.78,6.02288707
1767564000000,91226.78,91350,91111.01,91174.64,9.0779494
1767567600000,91174.64,91552.03,91174.64,91534.46,39.04726755
1767571200000,91534.46,92392.17,91466.84,92327.82,61.58876515
1767574800000,92327.82,93333,92242.95,92913.33,67.0876479
1767578400000,92913.33,93119.85,92694.96,92998.86,21.61104345
1767582000000,92998.86,93175.11,92837.86,92838.36,17.52474152
1767585600000,92838.36,92919.73,92284.99,92585.51,16.0676183
1767589200000,92585.51,92683.2,92297,92297,76.48493478
1767592800000,92297,92456.78,92107.88,92456.68,12.25767092
1767596400000,92456.68,92601.81,92437.49,92486.71,3.99825512
1767600000000,92486.71,92722.41,92417.4,92433.41,5.79118013
1767603600000,92433.41,92812.31,92279.91,92643.83,17.41540087
1767607200000,92643.83,93114.27,92623.5,93022.73,16.22033767
1767610800000,93022.73,93109.79,92843.66,93086.61,10.83828092
1767614400000,93086.61,93176.23,92727.35,92824.64,29.5144452
1767618000000,92824.64,92973.79,92500,92700,21.93024818
1767621600000,92700,93651.74,92341.3,93399.3,64.87929488
1767625200000,93399.3,93976.95,93159.56,93940.05,41.6951667
1767628800000,93940.05,94065.58,93575.05,93697.02,28.86541749
1767632400000,93697.02,94455.36,93270.53,94337,51.41509986
1767636000000,94337,94500,93901.38,94452,28.5457598
1767639600000,94452,94513.4,93871.2,94316.8,42.70189736
1767643200000,94316.8,94785,94069.69,94199.99,34.13403663
1767646800000,94199.99,94222.5,93842.63,94098.74,9.5589712
1767650400000,94098.74,94407.52,94032.09,94183.11,38.80590198
1767654000000,94183.11,94204.64,93861.18,93866.06,33.89445826
1767657600000,93866.06,93951.34,93565.53,93815.61,21.60735426
1767661200000,93815.61,94160.01,93755.31,93787.55,3.74650422
1767664800000,93787.55,93851.97,93535.29,93620.04,6.86866852
1767668400000,93620.04,93939.81,93616.02,93781.94,5.5329903
1767672000000,93781.94,94000.29,93739.08,93795.93,3.77056051
1767675600000,93795.93,93795.93,93564.45,93564.45,3.27466591
1767679200000,93564.45,93927.34,93550.78,93760.15,9.93689056
1767682800000,93760.15,93764.32,93112.16,93220.01,18.0076391
1767686400000,93220.01,93403.34,93176.27,93194.82,2.44369208
1767690000000,93194.82,93532.66,93194.82,93434.01,3.86999577
1767693600000,93434.01,93639.74,93407.01,93560.01,2.7244017
1767697200000,93560.01,93886,93544,93828.04,2.9029212
1767700800000,93828.04,93980,93773.17,93836.38,7.91837215
1767704400000,93836.38,93845.55,93614.13,93698.01,3.49380841
1767708000000,93698.01,94420.69,93500.01,93814.95,17.8958892
1767711600000,93814.95,94289.65,93309.38,93572.17,55.7296284
1767715200000,93572.17,93741.33,92290.14,92647,25.48542452
1767718800000,92647,92710.77,91456.69,91509.39,24.87992756
1767722400000,91509.39,92143.39,91218.89,91961.79,68.29093122
1767726000000,91961.79,92253.39,91863.56,92054,18.48917058
1767729600000,92054,92637.3,92054,92451,13.50859325
1767733200000,92451,93799.48,92326.69,93220.76,46.07884507
1767736800000,93220.76,93447.94,92928.37,93321.69,11.51132279
1767740400000,93321.69,93760.02,93311.01,93701.27,7.39546659
1767744000000,93701.27,93701.27,92598.52,92641.9,12.20968427
1767747600000,92641.9,92834,92288.89,92432.89,7.32152151
1767751200000,92432.89,92973.36,92200.68,92897.19,2.27160414
1767754800000,92897.19,93059.11,92694.98,92759.11,19.55225047
1767758400000,92759.11,92837.51,92550.78,92620,5.39573863
1767762000000,92620,92793.19,92439.17,92495.95,7.39055079
1767765600000,92495.95,92818.91,92460,92543.48,4.36887757
1767769200000,92543.48,92830.32,92543.48,92821.02,4.43826295
1767772800000,92821.02,92915.43,92623.81,92652,1.82695896
1767776400000,92652,92652,91537.57,91638.53,5.94685004
1767780000000,91638.53,91904.61,91531,91904.61,12.80372099
1767783600000,91904.61,92155.99,91860.47,92034.48,5.56072392
1767787200000,92034.48,92098.03,91904,91917.06,3.46997663
1767790800000,91917.06,92214.31,91791.7,91968.33,9.52177107
1767794400000,91968.33,92086.39,91307.75,91896.27,11.4240672
1767798000000,91896.27,91918.13,90962.6,91258.5,28.22316084
1767801600000,91258.5,91709.86,91068.61,91145,23.75423713
1767805200000,91145,91587.79,90950,91177.21,10.45325103
1767808800000,91177.21,91351.89,90650.03,90793.73,43.43770167
1767812400000,90793.73,91169.72,90588.7,91091.01,17.91308942
1767816000000,91091.01,91190.33,90685.17,90953.81,17.22324109
1767819600000,90953.81,91124.98,90918.01,91014.47,2.86446836
1767823200000,91014.47,91231.57,90785.69,91119.73,5.20592084
1767826800000,91119.73,91383.99,90932.53,91272.69,11.62130947
1767830400000,91272.69,91407.14,90974.01,91286.1,36.86009433
1767834000000,91286.1,91564,91198.12,91323.2,17.66916125
1767837600000,91323.2,91353.29,90650.28,90849.87,18.54192575
1767841200000,90849.87,91000,90500,90695.34,37.90608434
1767844800000,90695.34,91013.25,90585.79,90927.09,12.2773032
1767848400000,90927.09,91041.99,90664.89,90696,1.81108573
1767852000000,90696,90754.63,89799.84,89799.84,16.8054411
1767855600000,89799.84,90441.88,89526.66,90419.98,11.6792275
1767859200000,90419.98,90612.94,90000,90104.4,11.47265144
1767862800000,90104.4,90229.25,89833.28,89873.99,10.32253758
1767866400000,89873.99,90345.06,89672,90278.05,16.88685034
1767870000000,90278.05,90350.81,89896.06,90058.43,5.28780886
1767873600000,90058.43,90103.49,89660.2,89884.33,6.21783685
1767877200000,89884.33,89988.18,89734.26,89833.25,11.72793712
1767880800000,89833.25,90022.84,89200,89942.58,31.00247183
1767884400000,89942.58,90741.23,89700.53,90708.7,22.31641215
1767888000000,90708.7,90838.26,90105.33,90838.26,31.89615009
1767891600000,90838.26,91349.98,90775.5,91298.39,10.29231189
1767895200000,91298.39,91383.28,90888,91044.34,9.64460378
1767898800000,91044.34,91257.46,90730.63,90853,3.56771336
1767902400000,90853,90881.36,90497.57,90831.46,6.11053009
1767906000000,90831.46,91265.78,90831.46,91192.33,6.10290503
1767909600000,91192.33,91412.89,90954.1,91120.51,3.14093249
1767913200000,91120.51,91275.32,90970.92,91018,2.00907636
1767916800000,91018,91220.5,90982.23,91216.58,7.59482049
1767920400000,91216.58,91544,90769.37,90947.11,13.74868594
1767924000000,90947.11,91398,90927.27,90936.37,10.71773694
1767927600000,90936.37,91171.6,90867.32,91118,6.14838372
1767931200000,91118,91118,90822.65,90912.5,5.21216453
1767934800000,90912.5,91019.53,90814.55,90985.14,1.28586257
1767938400000,90985.14,91036.67,90869.6,91024,3.84462235
1767942000000,91024,91024.69,90625.52,90627.24,16.08384447
1767945600000,90627.24,90728.55,89600,89855.05,24.7567142
1767949200000,89855.05,90338,89855.05,90228.65,41.85551478
1767952800000,90228.65,90440.31,90193.38,90388,4.72153113
1767956400000,90388,90577.56,90309,90334.47,0.41382589
1767960000000,90334.47,90474.59,90138.17,90332.98,7.74490178
1767963600000,90332.98,90826.85,90313.99,90512.13,9.46324704
1767967200000,90512.13,90536,89844.95,90060.15,9.19787187
1767970800000,90060.15,91926.45,89760,91011.97,25.233063
1767974400000,91011.97,91699.89,91011.97,91524.51,7.58894097
1767978000000,91524.51,91568.84,90881.29,91343.6,11.29361228
1767981600000,91343.6,91403.65,90250,90715.73,17.51046878
1767985200000,90715.73,90715.73,90076.37,90245.3,20.10998081
1767988800000,90245.3,90464.13,90123.47,90166.04,5.43132936
1767992400000,90166.04,90500,90052.62,90406.86,13.99234725
1767996000000,90406.86,90572.58,90226.59,90522.77,2.06568592
1767999600000,90522.77,90587.92,90471.47,90512.86,1.02611003
1768003200000,90512.86,90554.11,90386.02,90462.89,2.41884487
1768006800000,90462.89,90584,90445.29,90545.35,0.89172136
1768010400000,90545.35,90650.44,90471.61,90544.42,1.13515681
1768014000000,90544.42,90560.63,90436.88,90501.22,1.41819332
1768017600000,90501.22,90517.15,90293.61,90312.5,0.75487373
1768021200000,90312.5,90478.62,90291.51,90460.93,2.09295509
1768024800000,90460.93,90466.58,90344.6,90369.39,1.57129604
1768028400000,90369.39,90529.98,90364.87,90529.98,2.01433969
1768032000000,90529.98,90585,90473.81,90525.2,1.67981438
1768035600000,90525.2,90622.87,90486.77,90622.87,4.60267503
1768039200000,90622.87,90691.15,90582.79,90672.16,0.77128062
1768042800000,90672.16,90688.53,90569.39,90574.16,4.7661674
1768046400000,90574.16,90654.59,90528.77,90595.33,2.15624854
1768050000000,90595.33,90635.67,90513.79,90521.9,0.96118664
1768053600000,90521.9,90544.62,90415.09,90456.79,0.79445213
1768057200000,90456.79,90542.55,90456.79,90534.55,4.28287313
1768060800000,90534.55,90603.02,90480.72,90545.49,1.23205235
1768064400000,90545.49,90630,90422.03,90422.03,3.26321667
1768068000000,90422.03,90469.8,90400,90456.11,8.81242332
1768071600000,90456.11,90500,90444,90499.99,1.1397219
1768075200000,90499.99,90529.9,90431.2,90437.72,1.79690342
1768078800000,90437.72,90441.98,90366,90375.73,2.54596888
1768082400000,90375.73,90442,90272,90328.4,2.54527169
1768086000000,90328.4,90441.64,90324.42,90379.96,0.43463062
1768089600000,90379.96,90514.98,90320.5,90490.59,3.14938681
1768093200000,90490.59,90538.73,90421.49,90519.05,2.14840133
1768096800000,90519.05,90608.39,90486.84,90568.78,0.73787817
1768100400000,90568.78,90610.2,90502.23,90604.77,2.63667727
1768104000000,90604.77,90673.4,90572.52,90667.3,2.75521356
1768107600000,90667.3,90708.58,90609.37,90637.1,0.90806469
1768111200000,90637.1,90677.16,90461.35,90612.25,0.62596166
1768114800000,90612.25,90631.07,90560.55,90577.01,1.64331866
1768118400000,90577.01,90686.16,90497.83,90639.55,1.61262435
1768122000000,90639.55,90674.46,90552.07,90599.14,0.31611251
1768125600000,90599.14,90612.51,90550.01,90599.26,0.35963868
1768129200000,90599.26,90608.93,90557.05,90578,0.41972327
1768132800000,90578,90832.25,90578,90831.39,2.02269079
1768136400000,90831.39,90831.39,90682.85,90726.84,0.23666905
1768140000000,90726.84,91047.71,90726.84,90991.97,2.16150677
1768143600000,90991.97,91008.41,90595.97,90722.5,6.57461449
1768147200000,90722.5,91140.84,90722.5,90909.78,6.90832113
1768150800000,90909.78,91017.83,90800,90854.16,1.86894597
1768154400000,90854.16,90860.89,90659.08,90752.47,5.00339022
1768158000000,90752.47,90792.52,90531.61,90586,3.27225042
1768161600000,90586,90600.91,90300,90600.91,4.83568084
1768165200000,90600.91,90676.78,90471.31,90617.47,0.87154825
1768168800000,90617.47,90617.47,90340.99,90426.11,2.94268473
1768172400000,90426.11,90927.58,90118.54,90867.21,37.62693453
1768176000000,90867.21,91111,90577.1,91111,12.57680011
1768179600000,91111,91665.67,90966,91260.39,14.30097932
1768183200000,91260.39,92249.99,91256.95,92088.52,22.21363248
1768186800000,92088.52,92413.41,91674.17,91677.36,23.02948002
1768190400000,91677.36,92158.71,91610.18,92049.08,7.44274303
1768194000000,92049.08,92143.53,91938.49,91988.61,1.87605224
1768197600000,91988.61,92069.46,91679,91697.67,4.18022337
1768201200000,91697.67,91822.85,91266,91281.35,3.27962965
1768204800000,91281.35,91488.69,90300,90682.3,9.80988911
1768208400000,90682.3,90799.15,90603.29,90604.77,2.50767357
1768212000000,90604.77,90652.97,90276.1,90276.1,13.08014967
1768215600000,90276.1,90624.98,90276.1,90542.37,4.16027481
1768219200000,90542.37,90747,90478.83,90674.55,14.08271342
1768222800000,90674.55,90715.45,90429.98,90522.41,4.88069371
1768226400000,90522.41,91000,90022.88,90806.61,7.20764252
1768230000000,90806.61,91571.23,90621.24,91571.23,8.72319394
1768233600000,91571.23,92238.81,91519.39,92068.81,55.17088593
1768237200000,92068.81,92244.84,91000,91384.92,27.15181848
1768240800000,91384.92,91882.61,91345.23,91608.34,19.39230236
1768244400000,91608.34,91807,91361.67,91786.22,19.68101856
1768248000000,91786.22,91972,91350,91400,17.27821263
1768251600000,91400,91413.38,90865.89,90911.21,9.08012139
1768255200000,90911.21,91357,90911.21,91155.73,6.89593506
1768258800000,91155.73,91221.92,90958,91184.6,9.6806947
1768262400000,91184.6,91420,91155.74,91364.15,25.36517156
1768266000000,91364.15,91437.25,90941.09,91075.72,3.24498115
1768269600000,91075.72,91276.59,91015.81,91015.81,5.7660314
1768273200000,91015.81,91353.91,91013.95,91309.07,2.14490757
1768276800000,91309.07,91539.43,91240.93,91404.11,3.13953881
1768280400000,91404.11,92135.37,91386.1,91798,11.01432515
1768284000000,91798,92172.11,91707.06,92120.74,10.52561199
1768287600000,92120.74,92120.74,91806.64,91859.66,4.64211153
1768291200000,91859.66,92158.28,91829.99,92087.53,2.62662867
1768294800000,92087.53,92564.57,91877.2,92157.09,11.62502555
1768298400000,92157.09,92251.53,91934.8,92042.77,6.2189952
1768302000000,92042.77,92160.69,91881.99,91898.68,4.96907458
1768305600000,91898.68,92060.01,91827.22,91994.72,4.09710411
1768309200000,91994.72,92500,91905.11,92004,38.08966973
1768312800000,92004,92828.01,91714.19,92409.55,28.74998887
1768316400000,92409.55,93420.03,92065.67,93420.03,45.84118859
1768320000000,93420.03,93746.12,93079.9,93398.85,28.81464677
1768323600000,93398.85,93478.2,93085.45,93220.43,19.10850362
1768327200000,93220.43,93843.1,93182.68,93609.07,16.99951455
1768330800000,93609.07,94239,93448,94221.49,18.66744092
1768334400000,94221.49,94499,94139.97,94455.58,33.91866964
1768338000000,94455.58,94500,94078.61,94101.92,21.88885121
1768341600000,94101.92,96434.9,94089.38,95697.43,94.62397951
1768345200000,95697.43,96067.16,95046.6,95378.37,26.66784059
1768348800000,95378.37,95601.5,95152.08,95203.03,41.24444056
1768352400000,95203.03,95554,95106.47,95220.06,29.51834855
1768356000000,95220.06,95530.25,95187.66,95315.66,27.68325466
1768359600000,95315.66,95687.95,95262.55,95687.95,28.36924877
1768363200000,95687.95,95778.89,95206,95211.99,8.40696538
1768366800000,95211.99,95248.01,94966.87,94997.19,11.68411634
1768370400000,94997.19,95020,94537.88,95020,11.92005549
1768374000000,95020,95211.33,94857.97,95198.01,12.17942875
1768377600000,95198.01,95306.61,94876.65,94876.65,6.50819705
1768381200000,94876.65,95182.01,94865.9,95073.14,4.68268934
1768384800000,95073.14,95284.2,94875.28,95071.16,3.50266563
1768388400000,95071.16,95077.06,94701.49,94753.68,9.89955377
1768392000000,94753.68,95126.02,94678.35,95042.85,6.58342025
1768395600000,95042.85,95203.53,94880.03,94949.51,13.19927741
1768399200000,94949.51,96812.7,94949.51,96472.34,34.20663325
1768402800000,96472.34,97051.5,96192.03,96795.78,33.28066432
1768406400000,96795.78,97683.16,96758,97325.45,36.2330748
1768410000000,97325.45,97810.24,96872.6,96973,28.02017708
1768413600000,96973,97141.6,96241.09,96840.23,15.44094127
1768417200000,96840.23,97650,96687.08,97265.87,10.52429502
1768420800000,97265.87,97932.72,97211.84,97670,17.84316752
1768424400000,97670,97705.6,97420.83,97568.89,9.0695645
1768428000000,97568.89,97596.36,96837.91,96915.05,10.63902243
1768431600000,96915.05,97363.12,96871.53,96942.11,10.04391723
1768435200000,96942.11,96992.64,96423.01,96596.68,16.83168067
1768438800000,96596.68,96946.89,96315.06,96421.95,15.10701511
1768442400000,96421.95,96601.8,96078.62,96303.92,20.04683192
1768446000000,96303.92,96350,95790.57,95967.55,4.05660076
1768449600000,95967.55,96350,95936.46,96277.66,6.88353631
1768453200000,96277.66,96476.24,96214.31,96412.42,3.38627446
1768456800000,96412.42,96559.99,96168.53,96242.1,4.13063988
1768460400000,96242.1,96749.99,96206.61,96622.71,15.17471045
1768464000000,96622.71,96642.03,96282.4,96642.03,2.72262204
1768467600000,96642.03,97176.01,96559.85,97036.77,16.07011464
1768471200000,97036.77,97036.77,96742.54,96789.97,2.78485382
1768474800000,96789.97,96906.34,96575.68,96602.02,1.52777975
1768478400000,96602.02,96991.91,96520.55,96970.06,3.68581055
1768482000000,96970.06,97019.42,96600,96831.49,5.15226118
1768485600000,96831.49,97134.25,95564,96027.24,27.96675162
1768489200000,96027.24,96729.94,95413.77,96723.05,10.29834731
1768492800000,96723.05,96888.33,96262.33,96700.5,6.10931847
1768496400000,96700.5,97038.19,96380.36,96569.11,8.5417502
1768500000000,96569.11,96591.96,95740.5,95820.83,12.45329258
1768503600000,95820.83,95908.38,95178.09,95460.34,15.91799366
1768507200000,95460.34,95618.58,95082.2,95200.76,26.37730549
1768510800000,95200.76,95575.87,95165.92,95562.18,4.95699508
1768514400000,95562.18,95805.99,95378.8,95596.6,9.40077873
1768518000000,95596.6,95671.55,95379.73,95573.42,6.87516401
1768521600000,95573.42,95796.58,95544,95593.55,7.63881994
1768525200000,95593.55,95803.75,95407.82,95612.61,14.02007893
1768528800000,95612.61,95636,95352.98,95451.73,5.77391951
1768532400000,95451.73,95542.41,95289.03,95325.61,2.11318924
1768536000000,95325.61,95531.47,95122,95128.46,1.58560336
1768539600000,95128.46,95647.74,95128.46,95629.16,6.97741637
1768543200000,95629.16,95790.66,95490.83,95709.59,1.525166
1768546800000,95709.59,95755.05,95446.45,95617.57,2.38342149
1768550400000,95617.57,95794.46,95578.58,95680.67,1.54984058
1768554000000,95680.67,95734.61,95554.14,95577.57,0.16386824
1768557600000,95577.57,95595.36,95261.34,95261.34,2.57472888
1768561200000,95261.34,95447.41,95223.61,95385.23,4.35261319
1768564800000,95385.23,95543.33,95338.6,95407.02,4.02812799
1768568400000,95407.02,95543.56,95260.01,95410.14,2.9208113
1768572000000,95410.14,95776,95151.37,95195.08,5.50324856
1768575600000,95195.08,95630.02,94250.01,94532.5,27.25225763
1768579200000,94532.5,94958.89,94461.64,94833.95,10.54361192
1768582800000,94833.95,95080.47,94535.78,95061.2,8.17406438
1768586400000,95061.2,95175.33,94935.86,94991.47,7.25140473
1768590000000,94991.47,95034,94810.31,94957.52,10.01585331
1768593600000,94957.52,95552.63,94626,95533.96,5.63668014
1768597200000,95533.96,95556.78,95329.44,95477,6.39524483
1768600800000,95477,95564.87,95219.8,95470.22,8.469648
1768604400000,95470.22,95547.6,95394.02,95529.2,1.38102915
1768608000000,95529.2,95547.19,95407.72,95442.03,2.13568207
1768611600000,95442.03,95500.11,95353.4,95354.28,1.04985603
1768615200000,95354.28,95354.28,95178.86,95333.54,1.27396469
1768618800000,95333.54,95342.29,95230.52,95330.31,1.78933698
1768622400000,95330.31,95346.49,95223.11,95269.06,4.00933872
1768626000000,95269.06,95352.8,95249.22,95281.1,5.49394202
1768629600000,95281.1,95304.85,95164.7,95200,0.50166532
1768633200000,95200,95200,95036.24,95102.81,0.4521186
1768636800000,95102.81,95217.99,95027,95204,12.41202519
1768640400000,95204,95250,95130.08,95216.25,5.40056401
1768644000000,95216.25,95232.62,95069.31,95072.38,0.3777075
1768647600000,95072.38,95277.34,95031.51,95258.17,4.24742091
1768651200000,95258.17,95333.49,95206.66,95227.01,0.26146232
1768654800000,95227.01,95409.75,95164.23,95394,2.21077947
1768658400000,95394,95498.95,95344.45,95430.99,0.43258866
1768662000000,95430.99,95609.19,95409.1,95537.17,4.56051687
1768665600000,95537.17,95544.51,95200,95265,12.44359472
1768669200000,95265,95408.83,95252.25,95333.98,2.8768609
1768672800000,95333.98,95437.08,95328.95,95389.43,1.47546143
1768676400000,95389.43,95389.43,95251.01,95266.15,0.79927749
1768680000000,95266.15,95352.04,95250,95347.34,2.47695298
1768683600000,95347.34,95371.72,95250,95253.31,0.59724647
1768687200000,95253.31,95275.48,95008,95149.8,3.89989151
1768690800000,95149.8,95164.95,95073.84,95106.68,1.60602424
1768694400000,95106.68,95193.72,95047.8,95074.52,2.49555588
1768698000000,95074.52,95074.52,94835.75,94920.83,11.03221658
1768701600000,94920.83,95028.77,94843.76,94976.91,5.70179121
1768705200000,94976.91,95158.79,94976.91,95155.24,1.0757728
1768708800000,95155.24,95155.24,95036.24,95061.62,0.23157708
1768712400000,95061.62,95219.5,95022.04,95149.27,1.03709325
1768716000000,95149.27,95171.63,95100.02,95137.33,0.48711062
1768719600000,95137.33,95152.27,95002.38,95002.38,0.2681123
1768723200000,95002.38,95148.19,94986,95145.1,1.54775307
1768726800000,95145.1,95216.16,95111.62,95216.16,0.1662174
1768730400000,95216.16,95275.7,95072.25,95149.64,2.37001141
1768734000000,95149.64,95149.64,95044.7,95138.7,0.23665666
1768737600000,95138.7,95138.7,95044.67,95061.99,0.23446418
1768741200000,95061.99,95164.49,94869.17,95117.5,8.82130899
1768744800000,95117.5,95316.61,94886.66,94919.91,3.4463585
1768748400000,94919.91,95090.61,94887.83,95084.47,2.52297737
1768752000000,95084.47,95143.35,95041.6,95136.46,0.70440362
1768755600000,95136.46,95240.94,95101,95203.67,4.01108
1768759200000,95203.67,95471.03,95129.69,95462.66,3.59740094
1768762800000,95462.66,95478.02,95313.07,95355.12,1.17210133
1768766400000,95355.12,95413.07,95256,95262.76,2.46135897
1768770000000,95262.76,95388.11,95250,95385.01,5.56106796
1768773600000,95385.01,95488.01,95367.73,95448.89,1.04111385
1768777200000,95448.89,95448.89,93573.14,93660.36,21.39296311
1768780800000,93660.36,93660.36,91878,92676.87,52.06379232
1768784400000,92676.87,92833.2,92200,92532.01,16.79974037
1768788000000,92532.01,92624.75,92340,92534.81,6.26552483
1768791600000,92534.81,92744.46,92459.84,92636,1.17519247
1768795200000,92636,92702,92448.87,92655,3.73438056
1768798800000,92655,92745.32,92476.28,92484.42,3.0567701
1768802400000,92484.42,92586,92336.53,92516.09,16.23511507
1768806000000,92516.09,92797.3,92495.74,92797.3,6.40073669
1768809600000,92797.3,93281.55,92669.9,93228.31,4.76023323
1768813200000,93228.31,93228.31,92898,92983.65,5.99292941
1768816800000,92983.65,93025.25,92829.26,92992.58,17.58179685
1768820400000,92992.58,93244,92929.56,93142,2.68508445
1768824000000,93142,93161.96,92972,93022.89,0.78745893
1768827600000,93022.89,93046.67,92740,92971.29,1.33432998
1768831200000,92971.29,92975.83,92656.45,92768.66,2.64094663
1768834800000,92768.66,93029.34,92765.38,93002.81,6.6021499
1768838400000,93002.81,93355.77,92937.75,93266.39,5.94468768
1768842000000,93266.39,93334.17,93106.94,93183.18,2.9482267
1768845600000,93183.18,93194.03,92882.75,92999.24,5.48854791
1768849200000,92999.24,93097.46,92930.87,93043.52,11.22057386
1768852800000,93043.52,93214.44,93037.9,93091.13,6.32043158
1768856400000,93091.13,93264.41,92941.69,92944.36,4.22938995
1768860000000,92944.36,92982.25,92513.34,92513.34,6.53113682
1768863600000,92513.34,92682.65,92107.01,92545.91,5.1220905
1768867200000,92545.91,92782.04,92288.85,92608.88,2.5835493
1768870800000,92608.88,92798.12,92500,92639.31,4.13136283
1768874400000,92639.31,92650.9,92298.96,92478.22,5.38604452
1768878000000,92478.22,92592,92200.01,92348.55,12.17251094
1768881600000,92348.55,92387.25,91940.01,91990.41,4.11918959
1768885200000,91990.41,92009.5,91230.76,91542.42,26.68166555
1768888800000,91542.42,91542.42,90706,90778.67,7.78554763
1768892400000,90778.67,91188.29,90778.67,91077.3,2.44611076
1768896000000,91077.3,91158,90586.02,90955.95,9.42755302
1768899600000,90955.95,90991.13,90801.96,90948.02,2.52501586
1768903200000,90948.02,91191.74,90899.34,91180.23,1.49765298
1768906800000,91180.23,91351.9,91116.56,91116.56,5.29050114
1768910400000,91116.56,91212.4,90970.88,91198.88,10.81239233
1768914000000,91198.88,91203.14,90687.53,90864.5,12.10774367
1768917600000,90864.5,91283.13,90187,90421.34,25.41524106
1768921200000,90421.34,90691.58,89769.3,90592.55,24.31076986
1768924800000,90592.55,90850,89933.44,90050.31,7.6133716
1768928400000,90050.31,90386.99,89333.18,89662.64,21.52049724
1768932000000,89662.64,89814.8,89279,89394.87,16.09208746
1768935600000,89394.87,89673.57,89182.55,89581.04,40.91511857
1768939200000,89581.04,89697.97,89253.62,89523.69,13.72142152
1768942800000,89523.69,89701.45,89311.84,89371.55,1.43317085
1768946400000,89371.55,89511.03,87820.13,88370,33.28454248
1768950000000,88370,88408.98,87793.34,88308.22,30.25602208
1768953600000,88308.22,88852.23,88180.08,88836.47,15.46042342
1768957200000,88836.47,89042.51,88737.82,88893.19,10.80042803
1768960800000,88893.19,89188.85,88888,88924.09,5.02307275
1768964400000,88924.09,89486.08,88924.09,89300,5.09918729
1768968000000,89300,89486.09,89227.99,89337.61,12.10090031
1768971600000,89337.61,90000,89337.6,89823.39,4.22139335
1768975200000,89823.39,89823.39,89391.05,89548.97,1.42568766
1768978800000,89548.97,89648.03,88970.86,89091.45,14.90647692
1768982400000,89091.45,89266.05,88888,89079.12,1.7632435
1768986000000,89079.12,89362.52,88968,88986.37,1.12457463
1768989600000,88986.37,89278.7,88971.01,89154.64,3.66711235
1768993200000,89154.64,89273.09,88601.99,88660.67,11.22612999
1768996800000,88660.67,88742.85,88120.53,88634.16,18.21734824
1769000400000,88634.16,88916.05,88491.16,88603.06,11.88567263
1769004000000,88603.06,89883.81,88519.57,89723.97,36.808072
1769007600000,89723.97,90422.55,89659.25,90200.3,54.66630818
1769011200000,90200.3,90265.82,87324.3,87506.78,60.98209827
1769014800000,87506.78,88052.14,87168.14,87841.87,28.98742533
1769018400000,87841.87,88539.65,87498.05,88395.78,14.58314319
1769022000000,88395.78,90353.14,88207.09,90255.57,22.45023485
1769025600000,90255.57,90278.07,89391.56,90079.02,40.74705774
1769029200000,90079.02,90251.87,89876.48,90168.07,7.11819772
1769032800000,90168.07,90300.55,89668.05,89668.05,3.05890435
1769036400000,89668.05,90127.52,89286.98,89372.01,19.32403326
1769040000000,89372.01,89925.92,89370.6,89830,8.27843687
1769043600000,89830,90109.17,89750.49,90017.11,2.11150341
1769047200000,90017.11,90276.17,89762.14,89846,4.87770932
1769050800000,89846,90053.75,89604,89803.46,1.14850258
1769054400000,89803.46,89989.6,89728.85,89898.92,2.29101939
1769058000000,89898.92,89962.33,89832.76,89851.62,2.40869177
1769061600000,89851.62,90112.22,89841.55,90094.16,7.64980986
1769065200000,90094.16,90096.41,89710.75,89710.75,5.16939872
1769068800000,89710.75,89868.99,89667.05,89828.87,0.80418427
1769072400000,89828.87,90053.64,89803.87,89955.97,2.29151563
1769076000000,89955.97,90013.01,89873.14,90013.01,3.22828776
1769079600000,90013.01,90016.29,89817.58,89839.86,1.20239286
1769083200000,89839.86,90001.86,89814.43,89941.44,2.1590187
1769086800000,89941.44,90243.86,89400,89525.97,10.60972451
1769090400000,89525.97,89631.99,88970.14,88982.36,20.09040025
1769094000000,88982.36,89351.39,88444.37,88944.12,26.03013335
1769097600000,88944.12,89163.53,88603.4,88945.33,12.81554612
1769101200000,88945.33,89511.03,88941.77,89486.03,4.51330128
1769104800000,89486.03,89662.42,89200.21,89234.35,10.44911476
1769108400000,89234.35,89787.2,89003.38,89694.83,12.89677854
1769112000000,89694.83,89865.75,89303.25,89303.25,11.55492035
1769115600000,89303.25,89573.02,89146.86,89152.81,6.81418719
1769119200000,89152.81,89450.21,89055.92,89265.61,8.96269853
1769122800000,89265.61,89486.92,89059.18,89463.67,3.51026332
1769126400000,89463.67,89555.55,89353.65,89454.8,2.90885357
1769130000000,89454.8,89831.24,89446.99,89831.24,2.25145154
1769133600000,89831.24,89881.35,89536,89564.48,2.51912869
1769137200000,89564.48,89824.08,89562.25,89812.12,1.89211992
1769140800000,89812.12,89977.33,89779.25,89880.34,2.19375631
1769144400000,89880.34,89880.34,89398.86,89504,2.48998063
1769148000000,89504,89700.58,89290.46,89392.41,2.64795288
1769151600000,89392.41,89566,89353.78,89444.58,6.36797249
1769155200000,89444.58,89497.94,89036.13,89109.82,14.44499377
1769158800000,89109.82,89263.28,88780.81,88856.09,5.58439279
1769162400000,88856.09,89040.89,88752.97,88905.67,1.45371579
1769166000000,88905.67,89197.42,88890.48,89062,5.85199507
1769169600000,89062,89258.08,88984.43,89170,1.18784804
1769173200000,89170,89323.5,89118.93,89236.22,11.069936
1769176800000,89236.22,89613.69,88544.31,88884.5,15.36762211
1769180400000,88884.5,89745.15,88466.76,89623.83,10.86698273
1769184000000,89623.83,90401,89401.13,90024.48,20.84492521
1769187600000,90024.48,91124.98,89865.34,90488.56,49.49370841
1769191200000,90488.56,90928.32,90359.59,90393.11,7.34510689
1769194800000,90393.11,90420.1,89496.94,89824.48,17.59713812
1769198400000,89824.48,90045.12,89092.17,89376.3,28.75723565
1769202000000,89376.3,89574.42,89203.44,89239.64,13.12442188
1769205600000,89239.64,89642.33,89225.72,89516.09,5.84348118
1769209200000,89516.09,89516.09,89379.01,89485.91,13.14784243
1769212800000,89485.91,89522.14,89291,89329.34,9.49715799
1769216400000,89329.34,89461.62,89320.65,89421.03,4.13210421
1769220000000,89421.03,89574.14,89421.03,89565.73,2.33321749
1769223600000,89565.73,89807.27,89540.73,89626.42,2.48997715
1769227200000,89626.42,89714.57,89592.33,89686,3.37530783
1769230800000,89686,89726.58,89625.45,89650.84,3.12749335
1769234400000,89650.84,89659.11,89511.99,89511.99,0.32543053
1769238000000,89511.99,89544.61,89431.99,89468.97,0.75544792
1769241600000,89468.97,89533.11,89442.93,89513.49,0.29163561
1769245200000,89513.49,89515.36,89448.07,89457.78,0.16581633
1769248800000,89457.78,89500,89448.08,89487.34,2.3611382
1769252400000,89487.34,89527.16,89448.08,89457.11,4.07717802
1769256000000,89457.11,89457.11,89342.2,89386.61,4.06383139
1769259600000,89386.61,89401.26,89240.5,89240.5,1.63239353
1769263200000,89240.5,89377.78,89052.11,89304.13,4.5083483
1769266800000,89304.13,89374.35,89128.13,89138.55,12.10382456
1769270400000,89138.55,89216.02,89024.2,89142.12,3.71074288
1769274000000,89142.12,89282,89101.41,89257.64,10.00456688
1769277600000,89257.64,89314.04,89234,89248.2,5.20604873
1769281200000,89248.2,89255.65,89124,89185.28,12.27807258
1769284800000,89185.28,89243.62,89174.72,89243.29,4.72243233
1769288400000,89243.29,89249.99,89126.98,89246.92,8.93871057
1769292000000,89246.92,89350.22,89132,89260,10.64214459
1769295600000,89260,89334.33,89071.44,89071.44,10.61167985
1769299200000,89071.44,89156.22,89032,89153.63,6.30331343
1769302800000,89153.63,89170.61,88979.3,89018.06,2.14550704
1769306400000,89018.06,89121.11,88983.19,88990.07,1.29893885
1769310000000,88990.07,89035.64,88703.08,88824.47,1.60081748
1769313600000,88824.47,88947.97,88802.52,88878,2.80331064
1769317200000,88878,88912.49,88730,88855.95,5.73975124
1769320800000,88855.95,88857.33,88538.28,88713.78,1.76409472
1769324400000,88713.78,88713.78,88521.64,88521.64,5.04507565
1769328000000,88521.64,88602.53,88000,88165.48,3.64198454
1769331600000,88165.48,88347.72,88082.4,88256.9,4.76860773
1769335200000,88256.9,88511.12,88256.9,88511.12,0.75090902
1769338800000,88511.12,88542.4,88400,88428.26,0.27181186
1769342400000,88428.26,88659.09,88319.8,88659.09,0.23220992
1769346000000,88659.09,88805.01,88550,88792.02,1.95155412
1769349600000,88792.02,88805.31,88500,88567.34,2.99220317
1769353200000,88567.34,88629.28,88284.91,88326.56,7.04105337
1769356800000,88326.56,88326.56,87465.29,87961.64,19.68726228
1769360400000,87961.64,87983.09,87663.37,87754.44,8.50156251
1769364000000,87754.44,87857.64,86717.28,87288.65,39.20327682
1769367600000,87288.65,87371.78,86100,86389.35,39.62655431
1769371200000,86389.35,86604.68,86154.3,86552.37,19.56720532
1769374800000,86552.37,86877.72,86326.84,86469.24,48.99065635
1769378400000,86469.24,86602.11,86090.17,86426.83,107.97726078
1769382000000,86426.83,86712.41,85977.08,86543.22,49.27469558
1769385600000,86543.22,87070.69,86420.01,86736.01,25.1229669
1769389200000,86736.01,87708.01,86389.35,87561.09,219.34861249
1769392800000,87561.09,87833.12,87095.2,87394.95,18.36097553
1769396400000,87394.95,87495.24,86971.29,87116.76,2.863337
1769400000000,87116.76,87818.5,87113.54,87603.77,11.5641349
1769403600000,87603.77,87800.11,87541.56,87696.83,2.61580154
1769407200000,87696.83,87894.02,87625.46,87841.81,3.58137582
1769410800000,87841.81,87943.08,87615.06,87882.25,3.79945487
1769414400000,87882.25,88268.43,87734.29,87897.96,6.17457387
1769418000000,87897.96,87897.96,87500,87546.42,2.25260222
1769421600000,87546.42,87851.56,87546.42,87800,0.62436054
1769425200000,87800,87885.65,87657.34,87759.83,3.78356124
1769428800000,87759.83,87863.33,87644.88,87687.17,7.26602332
1769432400000,87687.17,87946.11,87592,87848.24,13.08051345
1769436000000,87848.24,88418.43,87344.02,88138.1,33.73998501
1769439600000,88138.1,88750,87156.11,87313.33,148.19642207
1769443200000,87313.33,87818.86,86950,87511.89,219.74766933
1769446800000,87511.89,87676.58,86950.01,87602.68,8.25463632
1769450400000,87602.68,88307.88,87541.59,88307.88,13.52864973
1769454000000,88307.88,88442.85,87832.18,87893.17,10.42577449
1769457600000,87893.17,87987.47,87428.64,87502.51,7.83203115
1769461200000,87502.51,88124.71,87470,87959.35,8.26487382
1769464800000,87959.35,88169.24,87897.54,88032.47,4.47800692
1769468400000,88032.47,88550.6,87929.97,88247.99,16.40219103
1769472000000,88247.99,88358.84,88094.85,88249.56,3.43946844
1769475600000,88249.56,88596.25,88096.43,88461.71,13.52963386
1769479200000,88461.71,88713.96,88430,88706.35,5.59020035
1769482800000,88706.35,88761.8,88456.47,88647.17,2.30505457
1769486400000,88647.17,88852.23,88419.88,88483.87,5.28319676
1769490000000,88483.87,88483.87,88279.9,88351.91,8.1079866
1769493600000,88351.91,88409.68,88158.52,88207.99,0.59564876
1769497200000,88207.99,88449.16,88207.99,88216.69,6.77062825
1769500800000,88216.69,88272.08,88003.2,88077.67,3.72632571
1769504400000,88077.67,88077.67,87744.89,87744.89,3.95016141
1769508000000,87744.89,87923.24,87628.76,87658.26,2.62029635
1769511600000,87658.26,87969.02,87623,87861.11,2.16452765
1769515200000,87861.11,88023.5,87828.64,87864.34,0.93664709
1769518800000,87864.34,87929.04,87678.45,87826.58,3.2336018
1769522400000,87826.58,88317.3,87523.81,87608.85,6.81468085
1769526000000,87608.85,88069.48,87450,87919.51,12.35732138
1769529600000,87919.51,88714.31,87868.8,88523.93,18.12086335
1769533200000,88523.93,88583.06,87187.56,87412.2,67.84329059
1769536800000,87412.2,88392,87316.88,88152.69,12.96293359
1769540400000,88152.69,88435.99,87932.38,88297.83,7.37838501
1769544000000,88297.83,89357,88263.66,89275.83,17.28150387
1769547600000,89275.83,89416.93,88888.98,88944.31,7.37325083
1769551200000,88944.31,89286.86,88909.61,89171.89,3.06724129
1769554800000,89171.89,89405.93,89049.71,89111.42,4.16365141
1769558400000,89111.42,89329.51,89040.8,89274,8.6483058
1769562000000,89274,89379.66,89081.9,89277.14,6.56475695
1769565600000,89277.14,89323.88,88982.84,89154.73,3.57922289
1769569200000,89154.73,89189.19,88859.24,89014.52,1.26435314
1769572800000,89014.52,89015.33,88717.35,88833.66,2.23527897
1769576400000,88833.66,88960.64,88735.32,88960.64,1.27481636
1769580000000,88960.64,89272.28,88956.12,89209.17,4.58560509
1769583600000,89209.17,89227.93,88977.03,89015.98,4.82665729
1769587200000,89015.98,89124.52,88778.42,88789.58,1.78469775
1769590800000,88789.58,89415.3,88732.67,89415.3,3.41042521
1769594400000,89415.3,89561.35,89214.52,89318.08,7.61142294
1769598000000,89318.08,90021.04,89196.01,89970.89,11.76275104
1769601600000,89970.89,90053.52,89676.24,89869.13,7.08343924
1769605200000,89869.13,90330,89869.13,90110.86,11.18612576
1769608800000,90110.86,90138.87,89319.35,89498.02,3.45013975
1769612400000,89498.02,89704.42,88749.43,89368.41,16.47627577
1769616000000,89368.41,89680.25,89134.78,89531.02,6.73008872
1769619600000,89531.02,90467.78,89185.9,90038.76,41.38767825
1769623200000,90038.76,90047.87,89218.2,89434.57,14.021466
1769626800000,89434.57,89611.01,88887,89393.98,32.40670507
1769630400000,89393.98,89768.46,88871,88990.89,17.82657009
1769634000000,88990.89,89352.6,88694.72,89270.35,8.83770027
1769637600000,89270.35,89347.02,89010,89264.56,4.73455214
1769641200000,89264.56,89338.52,89071.01,89147.33,4.03940526
1769644800000,89147.33,89197.62,88763.2,89000.11,8.4455847
1769648400000,89000.11,89019.71,88405.99,88450.14,4.75069434
1769652000000,88450.14,88588.52,87573.5,87745.12,12.56937603
1769655600000,87745.12,88121.47,87638,87915.21,7.83809785
1769659200000,87915.21,88200,87761.04,88197.7,1.26482927
1769662800000,88197.7,88251.69,88000.01,88056.05,1.918552
1769666400000,88056.05,88204.95,88038.14,88178.68,6.59015018
1769670000000,88178.68,88282,88107.44,88179.75,3.85603606
1769673600000,88179.75,88346,87776,87945.79,4.91195256
1769677200000,87945.79,88014.45,87742.46,87742.46,1.47667581
1769680800000,87742.46,87840,87684.28,87795.73,8.22976693
1769684400000,87795.73,87891.67,87584,87679.91,2.3939742
1769688000000,87679.91,87968.69,87679.91,87968.69,2.36027692
1769691600000,87968.69,88013.75,87825.98,87902.78,5.03919167
1769695200000,87902.78,87934.3,86815,86815,31.27632326
1769698800000,86815,86815,84225.28,84759.85,59.36902437
1769702400000,84759.85,85195.39,84142.3,85119.12,20.60946096
1769706000000,85119.12,85463.98,83895,84079.78,47.17121194
1769709600000,84079.78,84470.83,83258.4,83309.42,54.5982424
1769713200000,83309.42,84114.83,83225,83800,74.89870253
1769716800000,83800,84189.23,83655.5,84065,13.94590162
1769720400000,84065,84470.92,84030.28,84381.67,25.98804429
1769724000000,84381.67,84472.73,84165,84399.98,8.84175006
1769727600000,84399.98,84581.48,84300,84526.14,18.97558099
1769731200000,84526.14,84587.97,84044.57,84044.57,12.56635352
1769734800000,84044.57,84059,81019.86,82361,113.45871516
1769738400000,82361,82393.16,81050.88,82030.08,62.2420561
1769742000000,82030.08,82592.8,81913.59,82538.35,41.89938251
1769745600000,82538.35,83186,82538.35,82756.14,13.66353868
1769749200000,82756.14,83170.81,82741.85,82800,14.12496974
1769752800000,82800,82800,81912.48,82474.3,19.1952125
1769756400000,82474.3,82900,82313.04,82644,13.17116027
1769760000000,82644,82804.17,82300,82517.35,11.77140543
1769763600000,82517.35,82677.67,82069.25,82201.83,4.08541226
1769767200000,82201.83,82734.14,82037.81,82626,5.39512964
1769770800000,82626,83125.11,82567.36,83004,40.12379943
1769774400000,83004,83103.97,82498,82628.57,4.72686071
1769778000000,82628.57,82797.37,82270.01,82585,9.34717614
1769781600000,82585,83651.43,82585,82914.78,16.42245284
1769785200000,82914.78,83481.72,82270,82760,32.90723974
1769788800000,82760,83343.49,82427.97,83000,22.04037614
1769792400000,83000,83317.87,82487.57,82794.43,24.29857823
1769796000000,82794.43,84000,81747,83781.69,46.59052802
1769799600000,83781.69,84450.07,83781.69,84109.9,16.75204133
1769803200000,84109.9,84120.84,83416.02,83762.89,18.73648618
1769806800000,83762.89,84350.92,83614.54,84134.71,8.52930275
1769810400000,84134.71,84164.77,83767.15,84086.57,3.59795296
1769814000000,84086.57,84154,83796.53,84094,12.89209542
1769817600000,84094,84126.92,83863.99,83926.75,4.98736087
1769821200000,83926.75,84095.99,83760.58,83859.08,12.9465902
1769824800000,83859.08,84034.8,83663.99,83973.92,8.10414364
1769828400000,83973.92,84080.22,83874.82,83874.82,4.56869643
1769832000000,83874.82,83989.5,83777.99,83826,7.01305708
1769835600000,83826,83936.28,83755,83849.97,10.37201804
1769839200000,83849.97,83872.21,83500,83620.19,7.53722417
1769842800000,83620.19,83630,83232,83396,2.59859717
1769846400000,83396,83435.99,82442.62,82940.98,14.76272681
1769850000000,82940.98,83139.29,82758.3,82940,2.27654403
1769853600000,82940,83031.01,82759.81,82952.14,0.53861776
1769857200000,82952.14,83006,82710,82821.44,2.10302815
1769860800000,82821.44,82957.2,82568.78,82578.16,6.03271463
1769864400000,82578.16,82764.91,82347.34,82582,10.97834673
1769868000000,82582,82754.75,80730.93,81364.75,44.94868191
1769871600000,81364.75,81583.62,80914.14,81194.92,20.50724553
1769875200000,81194.92,82013.28,79997.08,80236.93,107.70158316
1769878800000,80236.93,80401.19,78085,78748.64,152.72171345
1769882400000,78748.64,78982,75666.66,77910.93,153.6755883
1769886000000,77910.93,78400,77109.95,77643.83,35.88377725
1769889600000,77643.83,77993.99,77000,77910,42.15848017
1769893200000,77910,78260.01,77300,78154.27,34.22164051
1769896800000,78154.27,78411.04,77900,78047.59,20.51735509
1769900400000,78047.59,79100,78000,78630.81,23.25233039
1769904000000,78630.81,79312.71,78578.98,78823.69,22.93959173
1769907600000,78823.69,78846.45,78211.12,78446.66,10.72999235
1769911200000,78446.66,78929.51,78290.78,78811.84,7.03993441
1769914800000,78811.84,78899.99,78585.84,78780.65,6.3942731
1769918400000,78780.65,79000,78637.26,78876.1,9.45309702
1769922000000,78876.1,78905.47,78451.37,78529.15,8.49537971
1769925600000,78529.15,78722,78187.99,78250,3.64126499
1769929200000,78250,78619.58,77924.85,78270.06,14.91462334
1769932800000,78270.06,78750.25,78182.99,78486.32,13.84191598
1769936400000,78486.32,79008.16,78471.58,78948.36,17.77113363
1769940000000,78948.36,79088.8,78080.2,78080.2,9.7007571
1769943600000,78080.2,78819.5,78080.2,78684.17,3.02339718
1769947200000,78684.17,78695.14,78175.73,78377.19,3.90356714
1769950800000,78377.19,78692.84,78143.44,78267.34,10.68028352
1769954400000,78267.34,78435.03,77175.02,78177.61,29.26515178
1769958000000,78177.61,78177.61,76734.67,77510.81,22.84173776
1769961600000,77510.81,77698,77009,77419.33,39.24644973
1769965200000,77419.33,77676.64,77237.22,77676.64,13.07442336
1769968800000,77676.64,78336.66,77655.81,77952.45,12.62237957
1769972400000,77952.45,78027.06,76899.99,77073.34,19.096723
1769976000000,77073.34,77633,76521.94,77020.48,19.59916525
1769979600000,77020.48,77079.73,76280.03,76362.53,31.26669803
1769983200000,76362.53,77633,76360.51,77165.53,19.78560515
1769986800000,77165.53,77522.55,75643.54,76881.04,56.13572224
1769990400000,76881.04,78069.73,76536.14,77581.5,39.44087054
1769994000000,77581.5,77868.52,76577.07,77440.98,19.40933648
1769997600000,77440.98,77467.58,76379.06,76416.58,24.77202861
1770001200000,76416.58,76457.99,74525,76205.99,143.07793512
1770004800000,76205.99,76500,75260.06,75804.75,69.44560629
1770008400000,75804.75,75900.86,74836.13,75391.1,33.76615882
1770012000000,75391.1,76710.64,74881.57,76455.41,47.21116186
1770015600000,76455.41,76833.11,76260.09,76556.87,20.84049419
1770019200000,76556.87,77072.86,76531.55,76815.31,7.53280911
1770022800000,76815.31,77700,76587.57,77608.83,30.91152302
1770026400000,77608.83,77757.55,77394.61,77433.84,7.17876208
1770030000000,77433.84,77869.5,77353.5,77648.54,213.13726412
1770033600000,77648.54,78300,77639.76,77921.68,31.03119511
1770037200000,77921.68,78378.49,77736.38,78366.37,15.18278755
1770040800000,78366.37,78826.1,77566,77785.89,58.03956907
1770044400000,77785.89,79270.04,77509.67,78816.71,55.46684827
1770048000000,78816.71,79246,78531.34,78588.83,23.6664311
1770051600000,78588.83,79177.39,78588.83,78952.4,26.8882594
1770055200000,78952.4,78952.4,78293.8,78517.35,26.01566926
1770058800000,78517.35,78636.9,78208.33,78275.82,20.21636509
1770062400000,78275.82,78611.55,77836.9,77924.98,23.16096874
1770066000000,77924.98,78479.9,77838.78,78461.5,21.00422293
1770069600000,78461.5,78806.53,78461.5,78686.19,11.14159078
1770073200000,78686.19,78896.52,78492.97,78662.67,13.77289725
1770076800000,78662.67,79032.91,78341.26,79012.03,13.71285208
1770080400000,79012.03,79116.02,78663.16,78944.44,5.32584702
1770084000000,78944.44,78947.99,77732.95,77737.89,15.44729463
1770087600000,77737.89,78821,77600,78688.33,22.22990054
1770091200000,78688.33,78930,78420.81,78737.41,11.93096584
1770094800000,78737.41,78737.41,78134,78180.06,2.46714689
1770098400000,78180.06,78559.51,77882.03,78530.39,9.79583919
1770102000000,78530.39,78847.99,78451.3,78708.21,3.93225842
1770105600000,78708.21,78999.99,78412.29,78679.88,5.45765839
1770109200000,78679.88,78774.32,77900.34,78341.81,13.20849257
1770112800000,78341.81,78480.99,78000.36,78014.01,6.64760853
1770116400000,78014.01,78263.5,77942.73,78000.01,13.05492861
1770120000000,78000.01,78336.66,77921.75,78242.86,24.62998831
1770123600000,78242.86,78370.26,78101.61,78188.03,29.48025163
1770127200000,78188.03,78339.03,77104.28,77125.87,44.36281872
1770130800000,77125.87,78123.95,76990,78042.44,93.35166724
1770134400000,78042.44,78073.92,76403.61,76406.17,55.1685028
1770138000000,76406.17,76432.91,74773.65,74773.65,89.95607388
1770141600000,74773.65,75202.9,73046,73046,101.32302932
1770145200000,73046,75170.19,72870,74847.75,324.29938079
1770148800000,74847.75,76577.72,74474.88,76362.43,56.52445206
1770152400000,76362.43,76865,76049.42,76130.27,45.77497238
1770156000000,76130.27,76195.5,75313.97,75606.3,64.0406887
1770159600000,75606.3,75897.95,75322.41,75655.59,61.01584304
1770163200000,75655.59,76166.32,75352.84,75782,34.392103
1770166800000,75782,76666.53,75782,76316.36,38.04246617
1770170400000,76316.36,76466.04,75493.51,75890.02,105.02922485
1770174000000,75890.02,76867.17,75710.47,76620.87,37.36111195
1770177600000,76620.87,76710,76304.71,76368.43,6.99689839
1770181200000,76368.43,76410.49,76077.53,76180.19,13.95071652
1770184800000,76180.19,76680.11,76166,76542.72,7.39857852
1770188400000,76542.72,76548,76224,76394.59,10.77948281
1770192000000,76394.59,76491.47,76000,76491.47,5.57563986
1770195600000,76491.47,76491.47,75889.9,75972.53,16.25863661
1770199200000,75972.53,76206.65,75951.24,76185.74,15.44152017
1770202800000,76185.74,76185.74,75548.03,75876.76,31.73563434
1770206400000,75876.76,76158.86,75876.76,76047.01,9.48134594
1770210000000,76047.01,76066.75,74711.67,74743.01,33.88302511
1770213600000,74743.01,75565.69,74133.54,74202.2,71.19941948
1770217200000,74202.2,75170.2,73666.6,73958,108.6678229
1770220800000,73958,74079.41,72927.28,73493.91,64.53471388
1770224400000,73493.91,73687.99,72000,72365.97,193.24363745
1770228000000,72365.97,73939.72,72080.3,73251.96,61.36283311
1770231600000,73251.96,73844.51,72898.91,73763.96,90.6726951
1770235200000,73763.96,73969.89,73244.7,73331.18,76.75837536
1770238800000,73331.18,73458.19,72050.14,72617.8,87.06270045
1770242400000,72617.8,73506.85,71724.78,72359.61,79.17641248
1770246000000,72359.61,73339.39,72288.12,73007.77,81.03897332
1770249600000,73007.77,73100,72572.74,72718.12,37.56225944
1770253200000,72718.12,73177.94,71842.63,72233.86,29.0008601
1770256800000,72233.86,72666.07,71056.96,71284.37,71.27006053
1770260400000,71284.37,71707.51,71000,71096.95,66.9048577
1770264000000,71096.95,71273.04,70570,70710.19,65.16373906
1770267600000,70710.19,70976.59,70007,70573.57,61.00973862
1770271200000,70573.57,70834.84,70300,70801.55,48.30370086
1770274800000,70801.55,71480.8,70471.26,70558.64,34.63627555
1770278400000,70558.64,71390.02,70512.46,70904,45.28802502
1770282000000,70904,71810.06,70904,71422.16,73.31496775
1770285600000,71422.16,71591.66,70544.26,70718.77,29.43470899
1770289200000,70718.77,70925.67,69821.47,70192.81,140.26632177
1770292800000,70192.81,70460.94,69055.46,69408.87,83.18664901
1770296400000,69408.87,69684.96,69035.21,69550.72,80.35399381
1770300000000,69550.72,70749.99,69176.55,69301.71,92.0511654
1770303600000,69301.71,69479.66,66585.01,67340,545.2834393
1770307200000,67340,68522.52,66832.35,68151.38,129.73228461
1770310800000,68151.38,68195.5,66002.78,66047.03,120.80382408
1770314400000,66047.03,66395.31,65224.88,66203.4,94.16164645
1770318000000,66203.4,66488.9,65043,65133.5,277.27172692
1770321600000,65133.5,65557.65,62200,63590.65,363.32032634
1770325200000,63590.65,64267.92,62585.11,63084.44,403.77179995
1770328800000,63084.44,64409.1,62564.55,63737,185.40230227
1770332400000,63737,64751.78,62603.93,62776,129.93810544
1770336000000,62776,63747.81,60000,63405.17,467.78732155
1770339600000,63405.17,65646.04,63405.17,65543.98,118.57362844
1770343200000,65543.98,65939,64159.15,64806.5,98.39366815
1770346800000,64806.5,65073,63704,64074,50.6221451
1770350400000,64074,64924.01,63888.84,64840,31.08110053
1770354000000,64840,66712.67,64726.54,66278.42,23.9575515
1770357600000,66278.42,66672,64769.32,64900,30.56019211
1770361200000,64900,65446.22,64575.59,64819.49,35.87516968
1770364800000,64819.49,65110.11,64416.42,64789.34,36.39393091
1770368400000,64789.34,66041.09,64718.2,65717.41,23.10618408
1770372000000,65717.41,66118.89,65470.92,65840.34,7.99250982
1770375600000,65840.34,66657,65671.13,66538.5,44.24605422
1770379200000,66538.5,66538.5,66032.04,66499.93,30.24702277
1770382800000,66499.93,67589.74,66400.01,67258.09,35.69388917
1770386400000,67258.09,68598.18,66587.42,68151.95,59.93279358
1770390000000,68151.95,69176,67777.84,68596.03,59.30795246
1770393600000,68596.03,70214.24,68428.84,69908.06,100.9077585
1770397200000,69908.06,71490.69,69565.95,70744.22,76.67714775
1770400800000,70744.22,70784,69313.14,69724.12,115.69552819
1770404400000,69724.12,70886.47,69620.65,70644.66,134.76028369
1770408000000,70644.66,70939.79,69969.04,69976.18,57.78735768
1770411600000,69976.18,70463.04,69811.76,70319,24.48746642
1770415200000,70319,71493.14,70242.8,71275.34,41.37082776
1770418800000,71275.34,71665.58,70464.48,70525.86,35.38245945
1770422400000,70525.86,70539.99,69672,69925.62,36.61819329
1770426000000,69925.62,70641.3,69721.73,70476,23.77373926
1770429600000,70476,70588.47,70113.61,70319.42,26.01971043
1770433200000,70319.42,70878.59,70257.77,70866.42,23.18503429
1770436800000,70866.42,71632.23,70578.36,70743.8,25.75397245
1770440400000,70743.8,71129,69931.33,70101.31,31.34087686
1770444000000,70101.31,70275.04,68735,68740.05,45.23420116
1770447600000,68740.05,69035.55,67327.76,68068.25,76.18195843
1770451200000,68068.25,68758.06,67785.26,68536.14,43.5397742
1770454800000,68536.14,68731.62,67882.47,68099.14,33.870431
1770458400000,68099.14,68240.54,67570.74,67956.09,22.5902827
1770462000000,67956.09,68107.09,67650.01,67962.53,23.5615453
1770465600000,67962.53,69900.97,67865.64,68905.85,23.75686129
1770469200000,68905.85,69291.83,68783.01,69024.03,14.203266
1770472800000,69024.03,69092.23,68338,68571.7,21.06764354
1770476400000,68571.7,69651.26,68507.98,69069.5,29.08597652
1770480000000,69069.5,69796.52,68786.87,68947.4,53.00281703
1770483600000,68947.4,69361.81,68546.33,69128.48,8.28294558
1770487200000,69128.48,69618.55,68974.29,69406.9,9.2655243
1770490800000,69406.9,69520,69206,69289.31,9.69921761
1770494400000,69289.31,69657.72,69211.75,69573.16,4.77471681
1770498000000,69573.16,69634.36,69317.8,69436.1,13.03048073
1770501600000,69436.1,69657.41,69271.86,69365.73,7.75504999
1770505200000,69365.73,69382.61,68745.51,69237.21,13.07307807
1770508800000,69237.21,69341.22,68893.15,69054.14,6.12416386
1770512400000,69054.14,69451.34,69054.14,69338.3,10.31471683
1770516000000,69338.3,69640.58,69135.24,69323.23,9.00640174
1770519600000,69323.23,69370.09,69012.93,69049.84,10.47186837
1770523200000,69049.84,69281.22,68928.64,69281.22,5.27138401
1770526800000,69281.22,69336.9,69094.97,69172.5,9.17114957
1770530400000,69172.5,69363.8,69037.16,69293.29,14.41469101
1770534000000,69293.29,69647.15,69152.99,69631.97,9.14491623
1770537600000,69631.97,70697.86,69469.7,70562.21,35.17498915
1770541200000,70562.21,70639.57,70030.82,70141.25,6.60031054
1770544800000,70141.25,70343.99,69849.43,70206.73,12.97664308
1770548400000,70206.73,71137.83,70152.02,70895.08,9.70755962
1770552000000,70895.08,71181.43,70657.32,71181.43,21.03000731
1770555600000,71181.43,71441.98,70922,71441.98,14.91038479
1770559200000,71441.98,71478.41,71018.54,71164.77,16.48510486
1770562800000,71164.77,71397.83,70711.18,71035.9,10.1959165
1770566400000,71035.9,71160.96,70250,70370.6,7.3161628
1770570000000,70370.6,70782.14,70363.98,70711.87,12.52029509
1770573600000,70711.87,71343.83,70711.87,71084.16,19.74242062
1770577200000,71084.16,71473.69,71083.21,71370.86,38.18396119
1770580800000,71370.86,71370.86,70668.98,70792.17,20.92732966
1770584400000,70792.17,71076.25,70503.63,70650.02,23.14814936
1770588000000,70650.02,71036.64,70607.01,70999.07,15.44774934
1770591600000,70999.07,72205.98,69946.53,70295.82,71.11075124
1770595200000,70295.82,70721.63,70088.64,70441,30.01885037
1770598800000,70441,70866.89,70021.36,70318.06,37.78114789
1770602400000,70318.06,70953.91,70166.36,70571.59,27.86704366
1770606000000,70571.59,71374.41,70550.44,71268.37,28.96292264
1770609600000,71268.37,71297.09,70868.51,70935.06,33.1786748
1770613200000,70935.06,71057.75,70742.68,70989.2,28.6713993
1770616800000,70989.2,70989.2,70256.74,70580.67,40.89532743
1770620400000,70580.67,70820.15,70325.39,70351.77,13.70680348
1770624000000,70351.77,70545.11,69370.39,69947.72,20.61307258
1770627600000,69947.72,70066,69423.24,69548.21,20.8424814
1770631200000,69548.21,69637.95,68395.07,68658,26.18456443
1770634800000,68658,68947.63,68512.16,68795.75,35.55666546
1770638400000,68795.75,69171.62,68795.75,69039.72,19.9649516
1770642000000,69039.72,69195.86,68535.31,68535.31,11.43587649
1770645600000,68535.31,69660.62,68267.16,69224.1,37.40531182
1770649200000,69224.1,69843.99,68777.51,69514.18,36.51779122
1770652800000,69514.18,70360.67,69054.15,70030.11,45.35308019
1770656400000,70030.11,70934.72,69836.75,70583.7,48.66553295
1770660000000,70583.7,70867.7,70053.64,70314.68,14.77394395
1770663600000,70314.68,71032.67,70244.73,70927.98,18.37525374
1770667200000,70927.98,71083.8,70470.06,70737.1,30.66427255
1770670800000,70737.1,70773.09,69782.56,70363.06,33.68226378
1770674400000,70363.06,70665.47,70249.31,70325,20.5094565
1770678000000,70325,70529.63,70069.3,70101.79,21.1514939
1770681600000,70101.79,70194.52,69723.9,69799.8,14.68649674
1770685200000,69799.8,70442.89,69799.8,70400,9.59914706
1770688800000,70400,70417.48,69952.2,70065.05,12.79064866
1770692400000,70065.05,70127.1,69146.75,69455.8,18.17164886
1770696000000,69455.8,69835.97,69435.61,69790.12,9.97722781
1770699600000,69790.12,69790.77,69172.86,69404.5,9.64297931
1770703200000,69404.5,69446.62,68666,68869.3,16.87156683
1770706800000,68869.3,69147.89,68810.3,68874.97,17.62295591
1770710400000,68874.97,69142.59,68688.54,69076.72,5.06738885
1770714000000,69076.72,69350.48,68901.43,69095.85,12.56001683
1770717600000,69095.85,69191.75,68855.25,68857.22,8.62615382
1770721200000,68857.22,68991.48,68435,68444.08,17.32354978
1770724800000,68444.08,68790.81,68400,68570.92,8.98429217
1770728400000,68570.92,69081.82,68333,68957.61,11.67615972
1770732000000,68957.61,69526.53,67856.78,68399.12,33.42084568
1770735600000,68399.12,69459,68227.73,69240.65,25.9644613
1770739200000,69240.65,69750,68922.09,69483.79,20.17184992
1770742800000,69483.79,69959,69302.15,69887.58,6.15637777
1770746400000,69887.58,69918.78,68599.65,68869.09,26.01876699
1770750000000,68869.09,69252.78,68700.53,69035.59,16.34291907
1770753600000,69035.59,69083.11,68608.45,68710.34,20.79202676
1770757200000,68710.34,68954.01,68305,68590.81,9.94485628
1770760800000,68590.81,68795.76,68538.5,68651.39,14.87453997
1770764400000,68651.39,68812.4,68474.58,68773.36,14.19043899
1770768000000,68773.36,69187.76,68730,69161.66,11.28634353
1770771600000,69161.66,69236.9,68859.13,68939.34,10.90558576
1770775200000,68939.34,69114.52,68562.5,68648.59,5.60719344
1770778800000,68648.59,68684.29,67988.46,68140.86,25.28752287
1770782400000,68140.86,68278.14,67336,67532.03,25.75862445
1770786000000,67532.03,67751.91,67352.12,67363.41,20.73999206
1770789600000,67363.41,67430.17,66517.11,66764.14,35.41657758
1770793200000,66764.14,67214.44,66615.27,67005.09,23.43152489
1770796800000,67005.09,67063.51,66763.92,66949.8,12.42468658
1770800400000,66949.8,66979.8,66696.76,66815.5,9.82451995
1770804000000,66815.5,66838.08,66338.03,66497.67,14.82870271
1770807600000,66497.67,67062.48,66497.67,67025.56,14.57917748
1770811200000,67025.56,67384.54,66946.84,67097.87,21.57290767
1770814800000,67097.87,67617.99,66766.37,67396.34,49.04231946
1770818400000,67396.34,68756.9,66406.31,66540.19,74.84845935
1770822000000,66540.19,66750,65716.12,66460.2,47.45702847
1770825600000,66460.2,67274.28,65573.52,65982.09,138.98374513
1770829200000,65982.09,66856.94,65818.5,66505.11,159.28928821
1770832800000,66505.11,67250,66093.61,67228.72,31.12276594
1770836400000,67228.72,67788.39,67094.84,67537.28,29.0368614
1770840000000,67537.28,67696.25,67127.71,67490,20.01534166
1770843600000,67490,68277.93,67373.36,67750.99,29.46171166
1770847200000,67750.99,67813.78,67284.87,67389.81,31.02465673
1770850800000,67389.81,67478.48,66730.82,67008.94,34.49397667
1770854400000,67008.94,67634.06,66995.14,67423.48,39.04742972
1770858000000,67423.48,67990.97,67407.29,67638.56,51.45845566
1770861600000,67638.56,67724.2,67361.23,67384,24.94637999
1770865200000,67384,67483.45,67268.59,67453.45,6.01449988
1770868800000,67453.45,67615.29,66952.02,66961.06,32.72458977
1770872400000,66961.06,67128.43,66612.84,67073.73,8.24633784
1770876000000,67073.73,67287.96,66986.31,67054.33,18.61558368
1770879600000,67054.33,67266.46,66908.29,67102.61,2.00696345
1770883200000,67102.61,67262.17,66842.33,67091.87,7.36492464
1770886800000,67091.87,67605.24,67001.8,67550.2,20.0681775
1770890400000,67550.2,68075.38,67374.11,67973.19,26.0427401
1770894000000,67973.19,68229.5,67669.64,68074.71,95.56754985
1770897600000,68074.71,68119.37,67691.98,67807.06,32.47669005
1770901200000,67807.06,68340.42,67651.05,68340.42,14.00739015
1770904800000,68340.42,68352.39,67470,67582.23,10.46518849
1770908400000,67582.23,67980.5,66994.7,67076.36,15.08524785
1770912000000,67076.36,67181.27,65511,65767.99,46.20235235
1770915600000,65767.99,66215.83,65318.49,65334.89,30.6024937
1770919200000,65334.89,65710,65067.62,65520.49,24.51781555
1770922800000,65520.49,66044.53,65212.52,65728.71,32.13252279
1770926400000,65728.71,65963.16,65151.27,65309.27,52.25080519
1770930000000,65309.27,65824.35,65309.27,65762.14,21.45892544
1770933600000,65762.14,66300.59,65572.6,66235.02,16.05052863
1770937200000,66235.02,66418.3,66098.96,66198.39,7.46815317
1770940800000,66198.39,66462.77,65806.25,65854.95,21.9455822
1770944400000,65854.95,66561.2,65854.95,66322.88,39.28501495
1770948000000,66322.88,66700.14,66322.88,66606.87,36.2001151
1770951600000,66606.87,66735.99,66396.59,66497.4,6.01027178
1770955200000,66497.4,66621.56,66254.25,66262.99,7.09893592
1770958800000,66262.99,66435.73,66114.8,66124.41,10.05630172
1770962400000,66124.41,66337.39,65967.73,66323.34,5.99124088
1770966000000,66323.34,66517.73,66023.72,66165.28,8.35745356
1770969600000,66165.28,66655,66158.66,66629.29,3.25908624
1770973200000,66629.29,66992.1,66571.15,66923.2,6.89886416
1770976800000,66923.2,67045.59,66748.17,66926.18,30.40777481
1770980400000,66926.18,67151.19,66721.14,67131.14,28.00936057
1770984000000,67131.14,67138.32,66897.84,67047.08,2.39494641
1770987600000,67047.08,67565.11,66895.71,67217.54,60.6550347
1770991200000,67217.54,67962.34,66814.3,67681.06,72.83326698
1770994800000,67681.06,69258.66,67665.69,68625,64.11275606
1770998400000,68625,69410.15,68501.78,68918.94,22.60372222
1771002000000,68918.94,69160.23,68604.28,68982,15.18892414
1771005600000,68982,69365.52,68859.35,69082.7,16.37533935
1771009200000,69082.7,69191.25,68896,68896,19.07171008
1771012800000,68896,68940.04,68642.91,68751,17.45565676
1771016400000,68751,69045.29,68724.77,68832.46,18.08484357
1771020000000,68832.46,68956.3,68687.48,68919.8,11.65155224
1771023600000,68919.8,68946.99,68800,68826.8,13.48924713
1771027200000,68826.8,69100,68742.7,69037.23,3.62260363
1771030800000,69037.23,69076.1,68888.25,68930.27,3.15237344
1771034400000,68930.27,68981.27,68827.22,68845.61,2.43199455
1771038000000,68845.61,68966.07,68820.6,68944.56,4.51914377
1771041600000,68944.56,68944.56,68762.13,68762.13,1.06176752
1771045200000,68762.13,68873.81,68738.35,68738.35,1.06371613
1771048800000,68738.35,68898.92,68702.08,68897.22,0.77344287
1771052400000,68897.22,69293,68849.3,69161.5,5.75217932
1771056000000,69161.5,69831.42,69161.5,69741.91,15.14043547
1771059600000,69741.91,69848.25,69534.1,69701.02,12.7260686
1771063200000,69701.02,69701.02,69531.47,69621.21,125.3948279
1771066800000,69621.21,70500,69621.21,70466.26,22.57612531
1771070400000,70466.26,70490.41,69592.19,69618.02,19.92033239
1771074000000,69618.02,69743.09,69200.01,69434.5,12.93948079
1771077600000,69434.5,69825.27,69323.54,69743.99,4.83393179
1771081200000,69743.99,70000,69548.72,69778.5,8.91953802
1771084800000,69778.5,69778.5,69280.12,69701.12,8.44419511
1771088400000,69701.12,69903.95,69590.87,69714.83,9.21442408
1771092000000,69714.83,69820.19,69656.29,69726.14,8.08039557
1771095600000,69726.14,69870.26,69583.67,69818,2.26678225
1771099200000,69818,69997.74,69724,69979.41,8.411477
1771102800000,69979.41,70219.53,69657.33,69901.9,15.765452
1771106400000,69901.9,70036.49,69746.3,69952.99,1.28798783
1771110000000,69952.99,69979.17,69684.87,69768.75,4.42265449
1771113600000,69768.75,69815.72,69585.61,69759.07,1.49329956
1771117200000,69759.07,69853.61,69324.56,69668.8,4.6043952
1771120800000,69668.8,69724.64,69341.92,69482.33,1.65347975
1771124400000,69482.33,69969.97,69227.15,69947.39,18.25120438
1771128000000,69947.39,70486.75,69893.7,70133.63,25.34239788
1771131600000,70133.63,70443.99,70113.78,70235.14,9.09345316
1771135200000,70235.14,70499.99,70176.04,70367.31,9.44861764
1771138800000,70367.31,70880.58,70286.07,70738.92,11.45522378
1771142400000,70738.92,70938.52,70157.69,70401.08,6.48335859
1771146000000,70401.08,70613.66,70364.28,70386.19,1.85167817
1771149600000,70386.19,70485,70195.6,70404.81,7.93769134
1771153200000,70404.81,70495.68,70241.83,70267.23,1.22650448
1771156800000,70267.23,70326.53,69274.04,69297.73,6.36758067
1771160400000,69297.73,69576.45,68761.82,68962.2,8.13377655
1771164000000,68962.2,69173.1,68840.37,69112.82,5.33048212
1771167600000,69112.82,69215.41,68858.73,69058.65,6.59604913
1771171200000,69058.65,69058.65,68780.15,69024.71,5.4897057
1771174800000,69024.71,69061.74,68200,68596.59,17.43112821
1771178400000,68596.59,68740.81,68338.97,68393.83,25.99393138
1771182000000,68393.83,68515.92,68047.23,68301.11,29.63171739
1771185600000,68301.11,68495.42,68103.69,68414.94,2.80022531
1771189200000,68414.94,68887.86,68414.94,68834.63,1.39378986
1771192800000,68834.63,69012.19,68755,68919.2,2.40784496
1771196400000,68919.2,68953.98,68272.65,68786.33,8.6463982
1771200000000,68786.33,69000,68684.99,68809.87,4.83425514
1771203600000,68809.87,68994.32,68410,68587.86,6.76009143
1771207200000,68587.86,68681.55,68224.3,68260.86,1.79483024
1771210800000,68260.86,68431.08,68124,68376.27,2.3046748
1771214400000,68376.27,68823.84,68376.27,68823.84,2.47990596
1771218000000,68823.84,68837.16,68266.13,68360.54,10.53438142
1771221600000,68360.54,68451.96,68224.56,68431.66,1.2156059
1771225200000,68431.66,68625.83,68336,68536.06,4.54640884
1771228800000,68536.06,68728.29,68498.56,68704.49,1.88784704
1771232400000,68704.49,69000,68704.49,68950.22,3.12314233
1771236000000,68950.22,68950.22,68671.02,68784.77,0.69128904
1771239600000,68784.77,68862.78,68303.67,68791.02,1.40134032
1771243200000,68791.02,69781.21,68777.27,69704.84,14.74417408
1771246800000,69704.84,70070.88,68200,68361.5,30.50673336
1771250400000,68361.5,68684.13,68236.84,68336.69,7.74669886
1771254000000,68336.69,68536.17,67265.85,67479.67,20.82943374
1771257600000,67479.67,67905.39,67474.66,67829.73,8.93005903
1771261200000,67829.73,68017,67569.16,67930.74,6.25723895
1771264800000,67930.74,68194.92,67808.88,67819.19,8.42634585
1771268400000,67819.19,68066.83,67798.9,67882.11,5.8695676
1771272000000,67882.11,68500,67813.33,68486.57,13.80466409
1771275600000,68486.57,68882,68390.19,68834.77,9.09469642
1771279200000,68834.77,68868.95,68498.72,68550.18,6.71979322
1771282800000,68550.18,68922.1,68511.78,68858.7,6.17975103
1771286400000,68858.7,69000,68661.69,68826.99,7.35912736
1771290000000,68826.99,68948.36,68536.48,68586.61,5.74150662
1771293600000,68586.61,69169.93,68360.3,68875,5.7760943
1771297200000,68875,68875,68448.08,68448.08,4.65839655
1771300800000,68448.08,68645.61,68269.42,68441.78,3.37176814
1771304400000,68441.78,68465.69,67869.23,68181.41,4.48322472
1771308000000,68181.41,68474.43,68181.41,68384,1.59234382
1771311600000,68384,68446.35,68150.22,68349.41,0.58920334
1771315200000,68349.41,68430.22,68137.1,68154.58,0.61284096
1771318800000,68154.58,68239.72,67947.1,68073.3,3.55863859
1771322400000,68073.3,68133.81,67714.67,67789.99,4.44336403
1771326000000,67789.99,67865.17,67666,67829.63,5.26608289
1771329600000,67829.63,68248.17,67782.62,67853.12,10.21578902
1771333200000,67853.12,68300.23,67713.02,68090.16,14.41547947
1771336800000,68090.16,68286.13,66676.4,66827.53,19.6192184
1771340400000,66827.53,67362.81,66600,67329.61,24.17870485
1771344000000,67329.61,68095.7,67314.77,67486.88,22.40558453
1771347600000,67486.88,67672.56,66871.74,67167.69,27.19974536
1771351200000,67167.69,68178.86,67099,68075.1,27.29283691
1771354800000,68075.1,68200.68,67727.05,67812,18.42036509
1771358400000,67812,67881.57,67452.09,67752,14.7264685
1771362000000,67752,67870.19,67514.62,67639.86,7.0425184
1771365600000,67639.86,67749.45,67493.5,67507.92,5.06710635
1771369200000,67507.92,67590,67346.67,67468.22,8.17987712
1771372800000,67468.22,67600.85,67273.91,67288.42,7.11661673
1771376400000,67288.42,67331.56,66861.68,67136.55,12.12256817
1771380000000,67136.55,67383.29,67120.65,67289.91,5.1353587
1771383600000,67289.91,67641.01,67289.91,67624.81,2.14001894
1771387200000,67624.81,67839.12,67468.62,67763.36,2.09086745
1771390800000,67763.36,67897.1,67565.56,67613.89,5.05321686
1771394400000,67613.89,67924.64,67587.19,67804.06,3.58759665
1771398000000,67804.06,68175.28,67666.86,68087.52,4.4037513
1771401600000,68087.52,68424.98,68042.08,68103.36,3.19563259
1771405200000,68103.36,68222.25,67988,68149.6,1.09017302
1771408800000,68149.6,68149.6,67729.61,67745.31,3.09214195
1771412400000,67745.31,67754.94,67069.28,67359.16,6.27169943
1771416000000,67359.16,67637.72,67346.26,67431.94,8.74586363
1771419600000,67431.94,67555.25,67034.71,67200.89,8.51878246
1771423200000,67200.89,67330.86,66685,67173.72,14.25881773
1771426800000,67173.72,68323.96,67173.72,67675.6,9.0784578
1771430400000,67675.6,67675.6,66977.63,67110.79,32.53395955
1771434000000,67110.79,67436.56,67032.84,67162.45,7.4488804
1771437600000,67162.45,67162.45,66195.62,66330.89,15.15945997
1771441200000,66330.89,66556.17,65850,66145.36,29.06305046
1771444800000,66145.36,66497.02,66113.38,66203.13,16.79223757
1771448400000,66203.13,66433.81,66062,66286.14,6.39532591
1771452000000,66286.14,66430.7,66200,66380.91,4.99695451
1771455600000,66380.91,66462.03,66245.72,66422.6,5.776008
1771459200000,66422.6,66533.81,66311.59,66422.81,4.94261591
1771462800000,66422.81,66835.44,66422.81,66828.41,5.42228451
1771466400000,66828.41,66911.74,66620.3,66799.44,13.21793507
1771470000000,66799.44,66937.47,66703.98,66937.47,11.03213133
1771473600000,66937.47,67000,66731.54,66801.5,12.7118144
1771477200000,66801.5,66854.61,66657.09,66830.71,0.98979354
1771480800000,66830.71,67249.96,66830.71,67102.65,1.55177097
1771484400000,67102.65,67271.8,67015.08,67170.42,3.56926087
1771488000000,67170.42,67175,66799.07,66931.7,4.71257936
1771491600000,66931.7,67139.98,66743.59,66803.37,2.07064899
1771495200000,66803.37,66926,66720.16,66814.32,2.40765402
1771498800000,66814.32,66902.67,66446.19,66452.04,2.67727526
1771502400000,66452.04,66630.42,66310.53,66492.75,3.57466119
1771506000000,66492.75,66503.65,65750,65891.33,19.81380181
1771509600000,65891.33,66599.94,65618.87,66329.8,37.10833616
1771513200000,66329.8,66701,65953.41,66362.49,18.28363178
1771516800000,66362.49,66478.51,65880.9,66296.19,15.93580641
1771520400000,66296.19,67032.41,66163.1,66331.48,32.34405071
1771524000000,66331.48,67037.24,66222.8,66968.29,16.18447232
1771527600000,66968.29,67170,66702.31,67004.42,12.67935006
1771531200000,67004.42,67148,66814.88,67102.59,11.76925379
1771534800000,67102.59,67136.45,66884.5,66900,3.25940656
1771538400000,66900,66969.99,66641.03,66899.9,8.4074621
1771542000000,66899.9,66996.91,66798,66939.9,2.75541696
1771545600000,66939.9,67440,66931.95,67222.05,13.66003216
1771549200000,67222.05,67313.2,67126.81,67245.89,3.04943408
1771552800000,67245.89,67311.67,67149.3,67232.99,2.21236677
1771556400000,67232.99,67450,67219.22,67334.83,6.64395314
1771560000000,67334.83,67350.54,67112.64,67217.3,2.76405227
1771563600000,67217.3,67977.8,67178.14,67770.53,6.71515817
1771567200000,67770.53,67865.68,67654.89,67848.99,1.43802305
1771570800000,67848.99,67954,67741.02,67799.64,2.81960023
1771574400000,67799.64,67909.46,67742.53,67849.14,0.77463102
1771578000000,67849.14,68198.6,67849.14,68193.18,5.79935603
1771581600000,68193.18,68279.86,67856.79,67910.19,3.53741938
1771585200000,67910.19,67943.56,67278.03,67278.03,6.45104106
1771588800000,67278.03,67551.01,67255.95,67509.56,4.4805869
1771592400000,67509.56,67513.75,66470,66782.93,12.45940397
1771596000000,66782.93,67280.93,66646.15,67073.67,9.98477304
1771599600000,67073.67,68029.11,66588,67591.39,37.97338031
1771603200000,67591.39,67917.99,67280.93,67809.24,35.88998998
1771606800000,67809.24,67809.24,66947.67,67609.02,56.27901838
1771610400000,67609.02,67991.15,67447.75,67916.96,44.91291382
1771614000000,67916.96,67955.99,67545.27,67615.48,11.10464782
1771617600000,67615.48,67812.11,67532.68,67698.22,5.28237464
1771621200000,67698.22,67804.64,67615.45,67780.32,3.55070495
1771624800000,67780.32,68069.34,67613.31,68069.34,6.81932628
1771628400000,68069.34,68200,67900.27,68000.01,6.03890355
1771632000000,68000.01,68004.6,67737.92,67816.36,5.44689629
1771635600000,67816.36,67987.34,67816.36,67946.04,4.88666116
1771639200000,67946.04,68080.17,67897.59,67981.31,1.54103053
1771642800000,67981.31,67981.31,67538,67598.37,15.03071522
1771646400000,67598.37,67598.37,67598.37,67598.37,0
1771650000000,67598.37,67859.37,67598.37,67849.8,7.50072523
1771653600000,67849.8,67881.38,67731.92,67763.41,1.21479126
1771657200000,67763.41,67855.84,67756.64,67847.47,0.05808461
1771660800000,67847.47,68038.79,67818.72,68038.79,10.47937542
1771664400000,68038.79,68262.01,67973.7,68121.39,21.17119006
1771668000000,68121.39,68194.6,68121.39,68147.41,0.02511385
1771671600000,68147.41,68247.82,68080.4,68088.8,0.55416475
1771675200000,68088.8,68192.73,67914.68,68192.73,2.72966331
1771678800000,68192.73,68231.7,68096.91,68231.7,1.32971637
1771682400000,68231.7,68594.22,68177.43,68432.62,11.4933475
1771686000000,68432.62,68667.7,68415.88,68639.3,6.8561398
1771689600000,68639.3,68639.3,68098.12,68309.15,3.22850887
1771693200000,68309.15,68461.36,68183.32,68385.24,9.78193599
1771696800000,68385.24,68622.55,68385.24,68560.04,9.7852264
1771700400000,68560.04,68635.2,68506.81,68522,2.6792778
1771704000000,68522,68584.19,68201.85,68209.09,9.33271002
1771707600000,68209.09,68370.48,68188.65,68370.48,2.90901161
1771711200000,68370.48,68501.67,67871.7,67982.06,30.54062986
1771714800000,67982.06,68097.49,67931.83,67982.23,3.38835015
1771718400000,67982.23,68032.52,67800.65,67915.5,3.1353248
1771722000000,67915.5,68149.01,67915.5,68115.7,1.63647458
1771725600000,68115.7,68184.5,67865.98,67886.36,3.62690806
1771729200000,67886.36,68020.5,67811.57,68020.44,2.05847089
1771732800000,68020.44,68059.17,67957.8,67958.17,2.35190297
1771736400000,67958.17,67988.77,67870.89,67918.47,0.65916179
1771740000000,67918.47,68156.01,67918.47,68045.3,3.10748298
1771743600000,68045.3,68081.11,67979.23,68017,1.22328621
1771747200000,68017,68017,67903.04,67977,0.54138681
1771750800000,67977,68090.4,67957.72,68045.99,3.68442703
1771754400000,68045.99,68132,68002.96,68132,2.60902624
1771758000000,68132,68244.81,68109,68197.57,1.22209299
1771761600000,68197.57,68225.3,67884.79,67928.28,2.11999794
1771765200000,67928.28,68019.39,67567.66,67637.02,3.50231694
1771768800000,67637.02,67668.37,67356.96,67436.79,6.24839269
1771772400000,67436.79,67790.94,67296.34,67672.98,3.36049007
1771776000000,67672.98,67694.99,67503.46,67606.31,0.99317029
1771779600000,67606.31,67617.37,67188,67351.9,4.1980848
1771783200000,67351.9,67432.97,67304.72,67415,1.52200785
1771786800000,67415,67447.25,67372.36,67404.4,1.92633608
1771790400000,67404.4,67439.36,67328.88,67344,2.26954254
1771794000000,67344,67592.24,67344,67576,2.17555167
1771797600000,67576,67710,67416.06,67673.24,15.61398493
1771801200000,67673.24,67688.6,67443.75,67607.53,4.07512072
1771804800000,67607.53,67644.97,66704.24,66704.25,9.69754103
1771808400000,66704.25,66704.27,64315.82,64413.6,93.84855036
1771812000000,64413.6,64905.23,64301.42,64762.73,39.44650264
1771815600000,64762.73,65030.54,64684.82,64925.59,19.85550635
1771819200000,64925.59,65021.51,64672.62,64805.01,5.40481337
1771822800000,64805.01,65205.51,64804.82,65047.55,21.446413
1771826400000,65047.55,65793.7,65025.55,65761.55,25.4887223
1771830000000,65761.55,65991.33,65655.23,65937.5,3.6898996
1771833600000,65937.5,65949.42,65567.2,65676.13,2.3110609
1771837200000,65676.13,66442.66,65676.13,66402.8,4.05380812
1771840800000,66402.8,66588.08,66223.04,66310.09,1.62718506
1771844400000,66310.09,66475.83,66102.82,66181.03,2.41591932
1771848000000,66181.03,66491.8,65891.16,66248.88,9.15237249
1771851600000,66248.88,66426.87,66114.29,66114.29,5.00510884
1771855200000,66114.29,66263.02,65512.08,65915.2,24.06188736
1771858800000,65915.2,66220.25,65587.86,65662.6,18.57033654
1771862400000,65662.6,65689.65,65171.63,65351.6,16.16620972
1771866000000,65351.6,65435.7,64167.09,64749.97,29.634512
1771869600000,64749.97,65159.39,64595.8,64622.33,18.05589999
1771873200000,64622.33,64826.59,64098.54,64294.6,20.36505373
1771876800000,64294.6,64454.64,63873.38,64441.59,23.15554651
1771880400000,64441.59,64746.59,64441.59,64578.19,9.39599449
1771884000000,64578.19,64979.55,64544.77,64714.9,16.24512631
1771887600000,64714.9,64882.52,64528.14,64627.49,12.47818271
1771891200000,64627.49,64991.11,64627.49,64906.39,11.55896545
1771894800000,64906.39,64911,63450,64131.5,51.30066684
1771898400000,64131.5,64480.54,63985.56,64100,20.17980158
1771902000000,64100,64100,63330.78,63528,17.36702698
1771905600000,63528,63589.07,62865.62,63349.14,75.62845801
1771909200000,63349.14,63518.88,62674.83,63083.74,15.7586454
1771912800000,63083.74,63287,62882.52,63065.33,16.62740972
1771916400000,63065.33,63331.88,62900,63164,6.09656145
1771920000000,63164,63392.24,62999,63387.87,1.7250297
1771923600000,63387.87,63387.87,62936.37,63226.86,5.49517204
1771927200000,63226.86,63338.07,63106.19,63288.45,5.38886351
1771930800000,63288.45,63301.59,63076.91,63214.28,43.12997269
1771934400000,63214.28,63320.24,62941.77,62954.36,5.58924024
1771938000000,62954.36,63095.74,62512,62900,15.51364579
1771941600000,62900,63836.56,62781.26,63467.99,39.81909922
1771945200000,63467.99,64027.74,63312.1,63986.38,25.40451043
1771948800000,63986.38,64399.65,63694.6,64268.15,20.2380262
1771952400000,64268.15,64500,64057.7,64226.04,29.27548887
1771956000000,64226.04,64509.46,63938.65,64408.63,16.71525918
1771959600000,64408.63,64725.14,64250.3,64437.32,15.46312045
1771963200000,64437.32,64568.87,64315.13,64461.28,10.95274402
1771966800000,64461.28,64461.28,63859.61,64060.9,16.04464937
1771970400000,64060.9,64244.75,63982.89,64088.61,9.55931895
1771974000000,64088.61,64255.7,63874.43,64045,3.77654374
1771977600000,64045,64320,63922.07,64230.17,12.04090728
1771981200000,64230.17,66318,64161.85,65925.46,33.26332337
1771984800000,65925.46,66288,65864.32,65872.72,17.73795709
1771988400000,65872.72,65946,65364.95,65409.03,14.19325233
1771992000000,65409.03,65631.99,65127.45,65450.66,6.24806778
1771995600000,65450.66,65519.52,64764.03,64814.03,11.1338067
1771999200000,64814.03,65115.85,64814.03,64886.47,4.71986046
1772002800000,64886.47,65186.07,64792.22,65025.36,2.84085332
1772006400000,65025.36,65574.92,64971.09,65522.02,6.48633727
1772010000000,65522.02,65655.3,65435.06,65545.6,3.51188475
1772013600000,65545.6,65616.04,65365.01,65381.72,2.35061088
1772017200000,65381.72,65442.01,65186.01,65407.64,11.66531122
1772020800000,65407.64,66217.09,65319,66056.93,10.36703477
1772024400000,66056.93,66666,66021.66,66238,15.86157299
1772028000000,66238,67062.6,66219.73,66990.79,11.68282571
1772031600000,66990.79,67601.16,66730.31,67241.15,13.7066049
1772035200000,67241.15,68331.99,67241.15,68303.74,16.16279643
1772038800000,68303.74,68900,68075.85,68687.02,21.5036072
1772042400000,68687.02,69560.62,68410,69344.33,31.13534071
1772046000000,69344.33,69387.99,68819.2,69061.93,14.45959772
1772049600000,69061.93,69382.1,68651.36,69196.89,22.19295718
1772053200000,69196.89,69999,68787.85,68942.65,24.86943445
1772056800000,68942.65,69205.1,68104.85,68469.35,18.83742015
1772060400000,68469.35,68690,67639.79,67999.91,13.54103995
1772064000000,67999.91,68520.6,67746.48,68355.59,9.76402728
1772067600000,68355.59,68696.91,68228.62,68275.01,22.74702058
1772071200000,68275.01,68329.58,67825.73,68284.24,7.66169573
1772074800000,68284.24,68329.31,68058.96,68194.78,16.21351612
1772078400000,68194.78,68836.77,68194.78,68564.5,6.46506402
1772082000000,68564.5,68564.5,68137.52,68449.6,4.55895603
1772085600000,68449.6,68509.34,68087.21,68189.65,3.02220032
1772089200000,68189.65,68279.65,67868,67900,0.73973693
1772092800000,67900,68199.29,67846.85,67998.02,4.19306287
1772096400000,67998.02,68625,67958,68625,7.54616695
1772100000000,68625,68693.15,68278.18,68298.61,5.24529783
1772103600000,68298.61,68385.99,67985.73,68028,1.50616858
1772107200000,68028,68289.16,68019.5,68141.42,4.92364785
1772110800000,68141.42,68202.56,67864.53,67913.93,2.5131262
1772114400000,67913.93,68249.04,67294,67678,24.12699435
1772118000000,67678,67751.99,66788.44,67382.93,22.51944882
1772121600000,67382.93,67549.63,66570,66612.49,26.57695928
1772125200000,66612.49,67007.78,66612.49,66839.5,13.21990736
1772128800000,66839.5,67351.91,66597.65,67305.55,22.95238983
1772132400000,67305.55,67848,67305.55,67630.95,42.3183188
1772136000000,67630.95,67837.7,67297.21,67414.24,15.71165384
1772139600000,67414.24,67575.83,67154.8,67448.26,8.55944269
1772143200000,67448.26,67630.49,67304.21,67595.52,29.64019246
1772146800000,67595.52,67658.55,67412.25,67486.48,4.33109413
1772150400000,67486.48,67537.02,67028,67228.01,8.03941081
1772154000000,67228.01,67384.34,66901.01,67350.31,5.45391196
1772157600000,67350.31,67540.58,67283.37,67297.07,8.26074169
1772161200000,67297.07,67691.43,67106.66,67606.76,4.16255395
1772164800000,67606.76,68198.7,67592.64,67724,17.73915471
1772168400000,67724,67920.7,67687.35,67692,11.55267502
1772172000000,67692,67783.23,67520.14,67667.98,1.51782567
1772175600000,67667.98,67753.32,67453.03,67682.37,1.89008546
1772179200000,67682.37,68050.8,67682.37,67953.11,2.07638566
1772182800000,67953.11,68114.62,67320.18,67406.97,3.79122639
1772186400000,67406.97,67406.97,66601,66629.43,25.83573744
1772190000000,66629.43,66776.78,65981.37,66113.82,23.42008703
1772193600000,66113.82,66193.38,65752,65888.7,8.25884321
1772197200000,65888.7,66340,65675.1,66196.44,14.92765796
1772200800000,66196.44,66327.37,65712.7,65896.59,18.13753605
1772204400000,65896.59,66312.05,65873.63,66132,26.5648322
1772208000000,66132,66132,65472.82,65482,25.90338859
1772211600000,65482,65699.93,65133.36,65699.93,27.87324132
1772215200000,65699.93,65754.59,65231.15,65306.55,10.64160231
1772218800000,65306.55,65435.85,65175,65382.94,12.76466238
1772222400000,65382.94,65675.3,65382.94,65609.99,14.32162074
1772226000000,65609.99,65734.33,65419.57,65519.52,4.84272751
1772229600000,65519.52,65656.1,64980,65641.61,14.52553624
1772233200000,65641.61,65940.93,65557.7,65857.49,3.43177092
1772236800000,65857.49,66000.98,65728.55,65938.47,4.80031953
1772240400000,65938.47,65970.84,65763.02,65793.33,3.84227783
1772244000000,65793.33,65999.76,65759.56,65968.56,5.86463252
1772247600000,65968.56,65969.91,65747.4,65784.25,2.92023801
1772251200000,65784.25,65821.56,65500,65650.29,6.62489435
1772254800000,65650.29,65731.22,65499.99,65562.16,4.60221198
1772258400000,65562.16,65586.61,63039.57,63220.01,22.25772328
1772262000000,63220.01,64335.08,63085,63834.6,9.85643049
1772265600000,63834.6,63873.42,63442.94,63442.94,4.46051795
1772269200000,63442.94,63910.15,63387.81,63690.2,4.13472198
1772272800000,63690.2,64013.5,63483.71,64012,21.55686561
1772276400000,64012,64309.69,63805.95,63826.44,6.26904004
1772280000000,63826.44,64091.86,63826.44,64004.31,3.2867926
1772283600000,64004.31,65185.75,63924.59,65100,10.10550418
1772287200000,65100,65330.53,64300,64441.23,11.72578257
1772290800000,64441.23,64986.83,64255.73,64857.17,8.05510965
1772294400000,64857.17,65179.91,64701.26,65124.99,6.44646786
1772298000000,65124.99,65555.21,64861.02,65425.4,14.45120411
1772301600000,65425.4,66178.16,65200,65920.48,12.78644411
1772305200000,65920.48,66656.1,65637.53,66394.83,19.81745536
1772308800000,66394.83,67163.8,66215.19,66960.06,17.10519848
1772312400000,66960.06,67000,66409.13,66759.74,12.68047433
1772316000000,66759.74,67750,66642.85,67154.67,21.71486576
1772319600000,67154.67,67195.59,66527.2,66998.39,20.15596172
1772323200000,66998.39,67081.47,66651.74,66835.09,9.03780828
1772326800000,66835.09,67661.3,65990,67323.8,31.33397374
1772330400000,67323.8,68187.75,67323.8,67669.13,32.42000765
1772334000000,67669.13,67781.42,67416.47,67509.4,15.66878529
1772337600000,67509.4,67606.84,67079.9,67343.7,17.44542216
1772341200000,67343.7,67571.68,67218.6,67312.8,6.19634895
1772344800000,67312.8,67323.61,66817.11,66934.75,10.3869638
1772348400000,66934.75,67214.02,66795.84,67139.86,7.20936039
1772352000000,67139.86,67294.29,66500,66537,5.05450607
1772355600000,66537,66738.22,66258.71,66379.99,3.18722584
1772359200000,66379.99,66685.97,66252.09,66455.02,2.52922279
1772362800000,66455.02,66670.24,66400.8,66452.29,1.59263603
1772366400000,66452.29,66544.96,66247.27,66348.58,7.85232177
1772370000000,66348.58,67409.99,66155.2,66981.72,7.99164564
1772373600000,66981.72,67291.71,66771.2,66863,6.5591878
1772377200000,66863,67259.2,66835.33,66848.38,10.31706081
1772380800000,66848.38,67130.11,65855.35,66184.16,10.96266508
1772384400000,66184.16,66237.9,65741.47,66006.18,16.69683036
1772388000000,66006.18,66666.5,66006.18,66279.9,18.71324544
1772391600000,66279.9,66349.39,65805.7,65962.71,7.27769367
1772395200000,65962.71,65964.55,65107.55,65346.62,7.5051326
1772398800000,65346.62,65738.15,65306.35,65716.37,7.63764108
1772402400000,65716.37,66298.59,65043.06,65197.57,23.19662586
1772406000000,65197.57,66054.26,65091.6,65754.6,19.02349291
1772409600000,65754.6,66773.14,65754.6,66510.92,9.76920106
1772413200000,66510.92,67043.43,66352,66526.15,15.13935246
1772416800000,66526.15,66605.41,65876.29,66281.17,4.89957632
1772420400000,66281.17,67063.85,66143.38,66822.1,11.79369461
1772424000000,66822.1,66948.65,66649.23,66857.7,7.16988679
1772427600000,66857.7,66977.01,66587.84,66710.31,10.37829644
1772431200000,66710.31,66741.33,66092.23,66218.43,8.98303503
1772434800000,66218.43,66218.43,65552.89,66021.79,6.55409666
1772438400000,66021.79,66302.11,65690,66302.11,9.10891492
1772442000000,66302.11,66689.58,66212,66212,5.98593667
1772445600000,66212,66322.87,66134.49,66271.2,3.8978147
1772449200000,66271.2,66450.36,66025,66342.65,11.33397423
1772452800000,66342.65,66391.73,65920,65955.1,7.03354758
1772456400000,65955.1,66112,65352.14,65451.98,9.59164804
1772460000000,65451.98,67210.86,65073.6,67144.79,49.82437271
1772463600000,67144.79,69593.27,66997,69117.51,76.06342034
1772467200000,69117.51,70046,68976.78,69456.5,70.13070282
1772470800000,69456.5,69577.66,68841.62,69183.16,26.22162253
1772474400000,69183.16,69275,68762.62,68903.44,40.89007653
1772478000000,68903.44,69069.11,68618.8,68973.1,23.67281994
1772481600000,68973.1,69511.28,68649.71,69128.8,26.6301012
1772485200000,69128.8,69538.91,69009.54,69451.19,10.3670404
1772488800000,69451.19,69500,69194.26,69372.93,4.47759084
1772492400000,69372.93,69477.23,68750,68811.5,12.99861646
1772496000000,68811.5,69164.99,68679.34,69100.7,15.58903082
1772499600000,69100.7,69220.07,68715,68715,6.6893359
1772503200000,68715,68743.45,68246.4,68504.62,21.10404054
1772506800000,68504.62,68535.52,68228.82,68373.88,3.12887124
1772510400000,68373.88,68452.3,68056.3,68089.46,2.34600584
1772514000000,68089.46,68536.67,67858.62,67926.88,5.71447033
1772517600000,67926.88,68234.23,67838.94,68110.77,10.41014897
1772521200000,68110.77,68241.86,67954.41,68182.7,2.68939044
1772524800000,68182.7,68236.36,66920.54,66997.83,6.35054416
1772528400000,66997.83,67175.99,66374.25,66619.91,9.18209804
1772532000000,66619.91,66998.15,66456.58,66811.58,25.32650631
1772535600000,66811.58,67137.92,66754,67051.57,3.18832865
1772539200000,67051.57,67923.13,67051.57,67381.84,12.94830015
1772542800000,67381.84,67381.84,66650,66916.53,8.38395057
1772546400000,66916.53,67517.49,66185.4,66559.95,25.59425695
1772550000000,66559.95,67814,66455.01,67749.99,17.41119064
1772553600000,67749.99,68994.99,67025,68175.35,75.36771147
1772557200000,68175.35,68386.83,67654.29,68311.09,15.40211716
1772560800000,68311.09,68913.46,68000.01,68699.08,17.58929988
1772564400000,68699.08,68894.51,68376.92,68444.81,16.57448573
1772568000000,68444.81,68533.99,68107.23,68234.19,6.4092658
1772571600000,68234.19,68250.82,67819.63,68051.34,7.81342246
